-73.939635,45.414821,8.664
-73.939634,45.414821,8.658
-73.939631,45.414823,8.666
-73.939622,45.414825,8.674
-73.939612,45.414829,8.642
-73.939599,45.414833,8.616
-73.939585,45.414838,8.601
-73.939571,45.414843,8.538
-73.939556,45.414848,8.506
-73.93954,45.414853,8.443
-73.939522,45.41486,8.411
-73.939502,45.414867,8.369
-73.939481,45.414875,8.324
-73.939457,45.414884,8.275
-73.939433,45.414893,8.221
-73.939407,45.414902,8.198
-73.939381,45.414912,8.145
-73.939353,45.414921,8.128
-73.939323,45.414931,8.087
-73.939292,45.414942,8.057
-73.939259,45.414954,8.029
-73.939223,45.414967,8.009
-73.939185,45.414982,7.984
-73.939146,45.414997,7.931
-73.939106,45.415012,7.899
-73.939065,45.415029,7.908
-73.939024,45.415044,7.912
-73.938983,45.41506,7.903
-73.938942,45.415076,7.904
-73.938901,45.415092,7.924
-73.93886,45.415107,7.894
-73.938817,45.415122,7.828
-73.938774,45.415137,7.76
-73.938729,45.415153,7.73
-73.938685,45.415168,7.724
-73.93864,45.415184,7.698
-73.938595,45.415199,7.677
-73.93855,45.415215,7.615
-73.938504,45.415232,7.506
-73.938457,45.415247,7.419
-73.93841,45.415264,7.369
-73.938364,45.415282,7.369
-73.938319,45.4153,7.417
-73.938275,45.415318,7.516
-73.938231,45.415335,7.625
-73.938188,45.415352,7.696
-73.938144,45.41537,7.761
-73.9381,45.415387,7.824
-73.938055,45.415403,7.929
-73.938009,45.41542,7.995
-73.937964,45.415438,8.055
-73.937918,45.415456,8.096
-73.937872,45.415474,8.107
-73.937825,45.415492,8.168
-73.937778,45.41551,8.197
-73.937731,45.415528,8.246
-73.937684,45.415546,8.291
-73.937636,45.415564,8.351
-73.937588,45.415581,8.435
-73.93754,45.415598,8.526
-73.937492,45.415616,8.602
-73.937444,45.415633,8.658
-73.937396,45.415651,8.711
-73.937347,45.415668,8.767
-73.937298,45.415686,8.836
-73.937249,45.415704,8.852
-73.937199,45.415723,8.823
-73.937149,45.415742,8.831
-73.937099,45.415761,8.833
-73.937048,45.41578,8.824
-73.936997,45.415798,8.837
-73.936947,45.415816,8.836
-73.936897,45.415834,8.855
-73.936847,45.415853,8.852
-73.936796,45.415871,8.836
-73.936747,45.41589,8.808
-73.936699,45.41591,8.785
-73.936652,45.415929,8.859
-73.936606,45.415948,8.973
-73.936559,45.415966,8.941
-73.936511,45.415983,8.887
-73.936463,45.416,8.875
-73.936416,45.416018,8.893
-73.936369,45.416035,8.899
-73.936324,45.416054,8.932
-73.936282,45.416074,8.954
-73.93624,45.416094,8.931
-73.936199,45.416113,8.918
-73.936157,45.416129,8.926
-73.936117,45.416144,8.937
-73.936078,45.416159,8.977
-73.936041,45.416173,9.076
-73.936007,45.416188,9.11
-73.935975,45.416206,9.055
-73.935946,45.416224,8.953
-73.935923,45.416244,8.906
-73.935904,45.416265,8.861
-73.935891,45.416286,8.848
-73.935883,45.416306,8.817
-73.935878,45.416326,8.796
-73.935878,45.416344,8.781
-73.935883,45.41636,8.755
-73.935889,45.416375,8.74
-73.935899,45.416388,8.734
-73.935912,45.416401,8.724
-73.935926,45.416411,8.728
-73.935944,45.416419,8.783
-73.935964,45.416425,8.824
-73.935986,45.416426,8.879
-73.936009,45.416424,8.908
-73.936032,45.416419,8.871
-73.936052,45.41641,8.792
-73.936068,45.416396,8.757
-73.93608,45.416381,8.736
-73.93609,45.416363,8.768
-73.936101,45.416344,8.78
-73.936117,45.416324,8.795
-73.936136,45.416302,8.802
-73.936159,45.416279,8.824
-73.936184,45.416257,8.843
-73.936211,45.416234,8.89
-73.936238,45.416212,8.914
-73.936265,45.41619,8.946
-73.936294,45.416169,8.982
-73.936322,45.416148,9.024
-73.936353,45.416129,9.011
-73.936384,45.41611,8.99
-73.936419,45.416093,8.939
-73.936456,45.416077,8.915
-73.936494,45.416063,8.907
-73.936532,45.416048,8.876
-73.936571,45.416034,8.886
-73.93661,45.416021,8.873
-73.936649,45.416006,8.839
-73.936688,45.41599,8.778
-73.936729,45.415975,8.767
-73.936768,45.415961,8.781
-73.936809,45.415945,8.783
-73.936852,45.415929,8.777
-73.936896,45.415912,8.778
-73.936942,45.415894,8.778
-73.936991,45.415877,8.792
-73.937041,45.415858,8.815
-73.937091,45.415839,8.845
-73.937143,45.415819,8.855
-73.937194,45.415799,8.87
-73.937246,45.415778,8.861
-73.937299,45.415758,8.836
-73.937352,45.415738,8.788
-73.937405,45.415717,8.695
-73.937458,45.415697,8.593
-73.937512,45.415676,8.504
-73.937566,45.415656,8.443
-73.93762,45.415635,8.375
-73.937672,45.415614,8.345
-73.937724,45.415592,8.308
-73.937778,45.415571,8.226
-73.937831,45.41555,8.139
-73.937884,45.415528,8.083
-73.937937,45.415507,8.013
-73.937991,45.415485,8.006
-73.938044,45.415463,7.969
-73.938099,45.415442,7.845
-73.938156,45.415421,7.68
-73.938215,45.415402,7.519
-73.938272,45.41538,7.391
-73.938329,45.415359,7.324
-73.938385,45.415338,7.307
-73.938438,45.415318,7.309
-73.938478,45.415303,7.319
-73.938503,45.415294,7.329
-73.938518,45.415289,7.328
-73.938523,45.415287,7.32
-73.938524,45.415287,7.311
-73.938526,45.415286,7.311
-73.938535,45.415282,7.308
-73.938551,45.415276,7.295
-73.938568,45.41527,7.302
-73.938588,45.415263,7.313
-73.938609,45.415256,7.358
-73.938629,45.415249,7.401
-73.93865,45.415241,7.471
-73.938673,45.415234,7.52
-73.938695,45.415225,7.581
-73.93872,45.415217,7.631
-73.938744,45.415207,7.683
-73.93877,45.415197,7.738
-73.938797,45.415187,7.777
-73.938826,45.415176,7.794
-73.938857,45.415165,7.809
-73.93889,45.415153,7.826
-73.938925,45.415141,7.876
-73.93896,45.415129,7.917
-73.938997,45.415115,7.92
-73.939036,45.4151,7.87
-73.939076,45.415085,7.851
-73.939115,45.415068,7.893
-73.939154,45.415052,7.924
-73.939193,45.415037,7.947
-73.939232,45.415022,7.974
-73.939272,45.415007,8.017
-73.939313,45.414992,8.029
-73.939355,45.414975,8.066
-73.939396,45.414959,8.09
-73.939437,45.414942,8.113
-73.939477,45.414925,8.17
-73.939516,45.414907,8.234
-73.939553,45.414888,8.307
-73.939588,45.414871,8.463
-73.939622,45.414853,8.625
-73.939652,45.414837,8.677
-73.939682,45.414822,8.754
-73.939713,45.414814,8.881
-73.939742,45.414816,8.995
-73.939766,45.414826,9.097
-73.93978,45.414842,9.131
-73.939786,45.41486,9.101
-73.939777,45.41488,9.004
-73.939759,45.414895,8.766
-73.939734,45.414906,8.548
-73.939707,45.414911,8.496
-73.939688,45.414913,8.483
-73.93968,45.414915,8.443
-73.939676,45.414915,8.442
-73.939667,45.414916,8.413
-73.939652,45.414918,8.328
-73.939635,45.414922,8.377
-73.939617,45.414928,8.283
-73.939597,45.414935,8.198
-73.939576,45.414942,8.183
-73.939554,45.414952,8.177
-73.93953,45.414962,8.167
-73.939504,45.414972,8.143
-73.939477,45.414982,8.138
-73.939448,45.414994,8.135
-73.939417,45.415006,8.106
-73.939385,45.415019,8.082
-73.93935,45.415032,8.056
-73.939313,45.415046,8.021
-73.939274,45.41506,8.011
-73.939235,45.415076,7.952
-73.939194,45.415091,7.885
-73.939151,45.415106,7.835
-73.939108,45.415123,7.813
-73.939065,45.415139,7.801
-73.939021,45.415155,7.786
-73.938977,45.415171,7.785
-73.938933,45.415187,7.766
-73.938888,45.415203,7.779
-73.938842,45.41522,7.694
-73.938793,45.415238,7.517
-73.938743,45.415255,7.379
-73.938692,45.415273,7.291
-73.938641,45.415291,7.24
-73.93859,45.415311,7.185
-73.93854,45.415331,7.166
-73.938491,45.415351,7.227
-73.938443,45.41537,7.259
-73.938394,45.41539,7.276
-73.938344,45.41541,7.272
-73.938295,45.415431,7.316
-73.938245,45.415453,7.354
-73.938194,45.415475,7.378
-73.938143,45.415497,7.425
-73.938091,45.415519,7.537
-73.93804,45.41554,7.66
-73.937989,45.415559,7.772
-73.937936,45.41558,7.848
-73.937883,45.4156,7.9
-73.937829,45.415622,7.982
-73.937774,45.415643,8.06
-73.937719,45.415664,8.171
-73.937663,45.415686,8.265
-73.937606,45.415708,8.34
-73.937549,45.41573,8.426
-73.937493,45.415752,8.475
-73.937438,45.415773,8.586
-73.937383,45.415795,8.665
-73.937327,45.415817,8.688
-73.937271,45.415838,8.68
-73.937215,45.41586,8.684
-73.937158,45.415881,8.661
-73.9371,45.415901,8.656
-73.937043,45.415921,8.672
-73.936988,45.415942,8.74
-73.936931,45.415963,8.727
-73.936875,45.415985,8.704
-73.936819,45.416006,8.729
-73.936762,45.416027,8.756
-73.936705,45.416048,8.759
-73.936649,45.416069,8.79
-73.936595,45.41609,8.835
-73.936541,45.416111,8.863
-73.936489,45.416133,8.908
-73.936437,45.416155,8.941
-73.936385,45.416176,8.968
-73.936335,45.416198,8.989
-73.936289,45.416221,8.965
-73.936245,45.416245,8.913
-73.936203,45.416267,8.84
-73.936163,45.416287,8.818
-73.936125,45.416304,8.805
-73.936087,45.416319,8.793
-73.936051,45.416332,8.839
-73.936014,45.416344,8.9
-73.935977,45.416354,8.889
-73.935941,45.416365,8.81
-73.935907,45.416378,8.747
-73.935878,45.416395,8.716
-73.935857,45.416417,8.656
-73.935849,45.416442,8.615
-73.935857,45.416466,8.607
-73.93588,45.416484,8.639
-73.935913,45.416492,8.664
-73.935946,45.41649,8.705
-73.935978,45.41648,8.825
-73.93601,45.41647,8.849
-73.936045,45.416458,8.758
-73.936081,45.416446,8.686
-73.936119,45.416432,8.622
-73.936156,45.416418,8.613
-73.936195,45.416404,8.605
-73.936233,45.41639,8.661
-73.93627,45.416377,8.744
-73.936306,45.416363,8.807
-73.936344,45.41635,8.832
-73.936382,45.416336,8.806
-73.936421,45.416323,8.797
-73.936461,45.416309,8.788
-73.9365,45.416295,8.8
-73.93654,45.416281,8.805
-73.936579,45.416266,8.747
-73.936618,45.416252,8.697
-73.936656,45.416236,8.695
-73.936695,45.416221,8.673
-73.936734,45.416205,8.639
-73.936774,45.416188,8.548
-73.936815,45.41617,8.462
-73.936855,45.416153,8.453
-73.936895,45.416135,8.487
-73.936934,45.416118,8.477
-73.936972,45.416099,8.515
-73.93701,45.41608,8.505
-73.937049,45.416062,8.417
-73.937086,45.416041,8.341
-73.937122,45.416018,8.311
-73.937156,45.415994,8.301
-73.93719,45.415971,8.305
-73.937225,45.41595,8.354
-73.93726,45.41593,8.384
-73.937297,45.41591,8.378
-73.937336,45.415892,8.35
-73.937376,45.415873,8.33
-73.937416,45.415855,8.358
-73.937458,45.415837,8.334
-73.937499,45.415819,8.283
-73.937541,45.415801,8.262
-73.937582,45.415782,8.225
-73.937625,45.415763,8.147
-73.93767,45.415745,8.066
-73.937714,45.415725,7.972
-73.93776,45.415705,7.844
-73.937807,45.415685,7.764
-73.937855,45.415665,7.666
-73.937905,45.415646,7.62
-73.937955,45.415627,7.558
-73.938004,45.415607,7.518
-73.938054,45.415588,7.468
-73.938105,45.415568,7.383
-73.938156,45.415548,7.339
-73.938207,45.415528,7.278
-73.938257,45.415507,7.246
-73.938308,45.415488,7.252
-73.938358,45.415468,7.317
-73.938408,45.415448,7.333
-73.938459,45.415429,7.332
-73.93851,45.415409,7.291
-73.938562,45.415389,7.216
-73.938616,45.415369,7.158
-73.938672,45.415348,7.121
-73.938728,45.415328,7.086
-73.938783,45.415307,7.1
-73.938838,45.415287,7.167
-73.938893,45.415268,7.306
-73.938948,45.415248,7.471
-73.939003,45.415227,7.564
-73.939059,45.415206,7.627
-73.939116,45.415185,7.709
-73.939172,45.415164,7.826
-73.939227,45.415143,7.882
-73.939284,45.415123,7.913
-73.939339,45.415104,7.928
-73.939394,45.415084,7.967
-73.939449,45.415065,7.991
-73.939503,45.415046,8.035
-73.939556,45.415027,8.099
-73.939603,45.415008,8.138
-73.939643,45.414993,8.234
-73.939682,45.414986,8.317
-73.939715,45.414991,8.374
-73.939734,45.415009,8.32
-73.939732,45.415032,8.289
-73.939712,45.41505,8.247
-73.939685,45.41506,8.21
-73.93966,45.415066,8.187
-73.939642,45.415068,8.17
-73.939628,45.41507,8.157
-73.939611,45.415071,8.138
-73.939591,45.415074,8.112
-73.939568,45.415077,8.086
-73.939542,45.41508,8.037
-73.939513,45.415084,7.995
-73.939482,45.415091,7.967
-73.939449,45.415099,7.953
-73.939414,45.415108,7.953
-73.939378,45.415119,7.913
-73.939343,45.415131,7.921
-73.939307,45.415144,7.944
-73.939271,45.415159,7.976
-73.939236,45.415175,7.954
-73.939198,45.415191,7.883
-73.93916,45.415209,7.696
-73.939122,45.415228,7.533
-73.939083,45.415248,7.41
-73.939044,45.415267,7.321
-73.939003,45.415284,7.267
-73.938962,45.415302,7.185
-73.938918,45.415318,7.089
-73.938873,45.415335,7.055
-73.938828,45.415353,7.033
-73.938783,45.415372,7.032
-73.938737,45.415391,7.073
-73.938692,45.415408,7.108
-73.938647,45.415427,7.144
-73.938601,45.415444,7.152
-73.938554,45.415463,7.181
-73.938508,45.415481,7.21
-73.938461,45.415501,7.214
-73.938413,45.415521,7.224
-73.938365,45.415541,7.224
-73.938316,45.415562,7.246
-73.938266,45.415582,7.273
-73.938215,45.415603,7.232
-73.938164,45.415625,7.231
-73.938114,45.415647,7.229
-73.938065,45.41567,7.261
-73.938015,45.415692,7.311
-73.937966,45.415714,7.386
-73.937917,45.415736,7.428
-73.937869,45.415758,7.48
-73.937821,45.41578,7.517
-73.937772,45.415801,7.602
-73.937724,45.415823,7.669
-73.937675,45.415845,7.674
-73.937626,45.415866,7.711
-73.937578,45.415889,7.774
-73.937534,45.415912,7.839
-73.93749,45.415934,7.896
-73.937446,45.415955,7.953
-73.937402,45.415976,7.992
-73.937357,45.415997,8.002
-73.93731,45.416016,8.003
-73.937263,45.416037,8
-73.937214,45.416058,8.008
-73.937166,45.41608,8.055
-73.937117,45.416102,8.138
-73.937068,45.416123,8.197
-73.937019,45.416142,8.267
-73.936971,45.416162,8.304
-73.936924,45.41618,8.317
-73.936876,45.416198,8.309
-73.936829,45.416216,8.344
-73.936782,45.416234,8.442
-73.936736,45.416252,8.586
-73.936689,45.41627,8.67
-73.936641,45.416289,8.693
-73.936591,45.416307,8.739
-73.936541,45.416325,8.767
-73.93649,45.416343,8.767
-73.936439,45.416361,8.751
-73.936386,45.416378,8.723
-73.936333,45.416395,8.7
-73.93628,45.416413,8.645
-73.936228,45.41643,8.623
-73.936178,45.416449,8.603
-73.93613,45.416468,8.635
-73.936084,45.416485,8.646
-73.936042,45.416498,8.699
-73.936,45.416509,8.816
-73.935955,45.41652,8.69
-73.93591,45.41653,8.61
-73.935862,45.416539,8.571
-73.935819,45.416548,8.522
-73.935783,45.416561,8.541
-73.935758,45.41658,8.527
-73.935753,45.416605,8.508
-73.935765,45.416626,8.5
-73.935789,45.416641,8.496
-73.935818,45.416645,8.474
-73.935848,45.416639,8.467
-73.935876,45.416626,8.467
-73.935903,45.416609,8.454
-73.935928,45.41659,8.466
-73.935954,45.416572,8.582
-73.935983,45.416558,8.763
-73.936013,45.416545,8.771
-73.936045,45.416532,8.674
-73.93608,45.41652,8.588
-73.936117,45.416508,8.622
-73.936156,45.416496,8.626
-73.936197,45.416484,8.62
-73.93624,45.416472,8.636
-73.936281,45.416461,8.683
-73.936323,45.41645,8.679
-73.936365,45.416439,8.7
-73.936406,45.416428,8.685
-73.936449,45.416416,8.628
-73.936493,45.416405,8.576
-73.936537,45.416393,8.545
-73.93658,45.416382,8.58
-73.936624,45.416371,8.595
-73.936667,45.41636,8.593
-73.936709,45.416349,8.583
-73.936751,45.416336,8.561
-73.936792,45.41632,8.474
-73.936835,45.416302,8.377
-73.936879,45.416284,8.266
-73.936925,45.416265,8.168
-73.936971,45.416246,8.138
-73.937018,45.416226,8.053
-73.937064,45.416207,7.993
-73.937112,45.416187,7.919
-73.93716,45.416167,7.857
-73.937208,45.416147,7.802
-73.937256,45.416127,7.727
-73.937305,45.416107,7.691
-73.937353,45.416086,7.705
-73.937403,45.416066,7.716
-73.937452,45.416046,7.708
-73.937502,45.416025,7.654
-73.937553,45.416005,7.578
-73.937605,45.415984,7.522
-73.937656,45.415962,7.47
-73.937709,45.415941,7.422
-73.937761,45.41592,7.394
-73.937814,45.415899,7.343
-73.937867,45.415878,7.3
-73.937919,45.415857,7.302
-73.937972,45.415837,7.342
-73.938025,45.415818,7.395
-73.938076,45.415797,7.438
-73.938127,45.415777,7.422
-73.938178,45.415756,7.412
-73.93823,45.415735,7.292
-73.938283,45.415713,7.188
-73.938336,45.415692,7.17
-73.93839,45.415672,7.094
-73.938443,45.415651,7.09
-73.938495,45.415631,7.093
-73.938549,45.41561,7.026
-73.938603,45.415589,6.977
-73.938656,45.415567,6.959
-73.938708,45.415546,6.97
-73.93876,45.415525,6.95
-73.938813,45.415504,6.96
-73.938866,45.415483,6.96
-73.938917,45.415461,6.975
-73.93897,45.415438,7.02
-73.939021,45.415415,7.09
-73.939071,45.415392,7.178
-73.939122,45.415369,7.212
-73.939173,45.415349,7.207
-73.939225,45.415329,7.192
-73.939277,45.41531,7.175
-73.939328,45.415291,7.222
-73.939378,45.415272,7.326
-73.939427,45.415254,7.49
-73.939474,45.415236,7.649
-73.93952,45.415217,7.794
-73.939564,45.415199,7.897
-73.939606,45.41518,8.011
-73.939644,45.415161,8.092
-73.93968,45.415144,8.12
-73.939715,45.415129,8.155
-73.939748,45.41512,8.162
-73.939778,45.415121,8.259
-73.939801,45.415131,8.383
-73.939813,45.415147,8.405
-73.93981,45.415166,8.33
-73.939792,45.415183,8.199
-73.939776,45.415192,8.123
-73.939763,45.415198,8.079
-73.939749,45.415203,8.041
-73.939734,45.415208,8.042
-73.939717,45.415212,8.008
-73.939697,45.415217,7.982
-73.939674,45.415222,7.949
-73.939646,45.415229,7.927
-73.939614,45.415239,7.856
-73.939577,45.41525,7.767
-73.939536,45.415263,7.695
-73.939493,45.415278,7.531
-73.939447,45.415293,7.356
-73.939399,45.415309,7.243
-73.939353,45.415325,7.211
-73.939308,45.415343,7.194
-73.939265,45.41536,7.213
-73.939223,45.415378,7.22
-73.939181,45.415396,7.223
-73.939139,45.415415,7.136
-73.939095,45.415433,7.07
-73.939053,45.415451,7.052
-73.93901,45.41547,7.028
-73.938967,45.415488,7.01
-73.938925,45.415505,6.986
-73.938881,45.415523,6.96
-73.938836,45.415541,6.982
-73.938792,45.415559,6.96
-73.938748,45.415578,6.966
-73.938704,45.415596,6.987
-73.938662,45.415616,6.991
-73.938619,45.415635,7.036
-73.938577,45.415655,7.054
-73.938534,45.415674,7.075
-73.938489,45.415693,7.067
-73.938444,45.415712,7.098
-73.938399,45.41573,7.138
-73.938355,45.41575,7.162
-73.938309,45.415768,7.207
-73.938265,45.415786,7.257
-73.938222,45.415803,7.281
-73.938178,45.41582,7.326
-73.938134,45.415837,7.366
-73.938091,45.415854,7.388
-73.938048,45.41587,7.404
-73.938003,45.415886,7.411
-73.937957,45.415902,7.409
-73.937912,45.415918,7.375
-73.937866,45.415935,7.324
-73.937819,45.415952,7.312
-73.937773,45.415969,7.338
-73.937727,45.415986,7.362
-73.937679,45.416003,7.364
-73.937632,45.416021,7.363
-73.937585,45.416038,7.428
-73.937539,45.416057,7.489
-73.937493,45.416077,7.506
-73.937446,45.416096,7.5
-73.937398,45.416116,7.496
-73.937349,45.416138,7.524
-73.937299,45.416159,7.558
-73.937248,45.416181,7.597
-73.937198,45.416202,7.648
-73.93715,45.416222,7.736
-73.937102,45.416243,7.823
-73.937054,45.416263,7.915
-73.937005,45.416283,8.02
-73.936956,45.416303,8.138
-73.936908,45.416323,8.251
-73.936859,45.416342,8.361
-73.93681,45.416361,8.413
-73.936759,45.416377,8.529
-73.936708,45.416395,8.593
-73.936654,45.416413,8.576
-73.9366,45.416429,8.539
-73.936545,45.416446,8.535
-73.936489,45.416463,8.529
-73.936434,45.416478,8.532
-73.936377,45.416492,8.524
-73.936322,45.416506,8.562
-73.936267,45.41652,8.571
-73.936213,45.416535,8.562
-73.936161,45.416548,8.592
-73.93611,45.416562,8.587
-73.936061,45.416576,8.609
-73.936013,45.416588,8.762
-73.935963,45.416599,8.609
-73.935914,45.416611,8.439
-73.935863,45.41662,8.459
-73.935818,45.416629,8.511
-73.93578,45.416638,8.495
-73.93575,45.416652,8.44
-73.935731,45.416672,8.384
-73.935728,45.416694,8.348
-73.935741,45.416714,8.306
-73.935766,45.416726,8.301
-73.935795,45.416728,8.276
-73.935826,45.416722,8.268
-73.935857,45.416711,8.275
-73.935891,45.416697,8.272
-73.935925,45.416684,8.281
-73.935959,45.416671,8.446
-73.935995,45.41666,8.642
-73.93603,45.416647,8.584
-73.936069,45.416634,8.527
-73.936109,45.416621,8.538
-73.93615,45.416608,8.593
-73.936191,45.416595,8.625
-73.936235,45.416582,8.521
-73.936281,45.416569,8.461
-73.936328,45.416556,8.422
-73.936375,45.416542,8.411
-73.936421,45.416527,8.447
-73.936468,45.416512,8.476
-73.936515,45.416498,8.492
-73.936561,45.416484,8.522
-73.936606,45.41647,8.535
-73.936651,45.416456,8.533
-73.936695,45.416442,8.537
-73.936738,45.416428,8.563
-73.936782,45.416415,8.486
-73.936825,45.4164,8.401
-73.93687,45.416385,8.347
-73.936915,45.416369,8.234
-73.936961,45.416353,8.113
-73.937006,45.416337,7.995
-73.937051,45.41632,7.897
-73.937097,45.416303,7.772
-73.937143,45.416287,7.659
-73.937191,45.41627,7.559
-73.937239,45.416254,7.477
-73.937288,45.416237,7.395
-73.937338,45.416221,7.373
-73.937387,45.416204,7.32
-73.937438,45.416187,7.264
-73.937488,45.41617,7.263
-73.937539,45.416153,7.236
-73.93759,45.416137,7.241
-73.937641,45.41612,7.23
-73.937691,45.416103,7.242
-73.937741,45.416085,7.294
-73.937791,45.416068,7.367
-73.93784,45.41605,7.411
-73.93789,45.416032,7.438
-73.937941,45.416014,7.419
-73.937993,45.415995,7.379
-73.938045,45.415976,7.308
-73.938097,45.415957,7.313
-73.938148,45.415938,7.311
-73.9382,45.415919,7.278
-73.938251,45.4159,7.246
-73.938302,45.41588,7.211
-73.938354,45.415862,7.153
-73.938407,45.415843,7.081
-73.938459,45.415825,7.073
-73.938512,45.415807,7.059
-73.938565,45.415789,7.041
-73.938618,45.415771,7.036
-73.93867,45.415753,7.036
-73.938722,45.415734,7.054
-73.938775,45.415715,7.072
-73.938826,45.415696,7.037
-73.938879,45.415675,7.003
-73.938929,45.415655,6.977
-73.938979,45.415636,6.945
-73.939029,45.415616,6.958
-73.939078,45.415598,6.907
-73.939128,45.41558,6.946
-73.939178,45.415563,6.927
-73.939226,45.415545,6.978
-73.939273,45.415528,7.012
-73.939319,45.415511,7.073
-73.939364,45.415494,7.106
-73.939408,45.415477,7.155
-73.939453,45.415459,7.213
-73.939499,45.415441,7.267
-73.939547,45.415423,7.259
-73.939594,45.415406,7.253
-73.93964,45.41539,7.279
-73.939683,45.415376,7.339
-73.939722,45.415366,7.421
-73.939759,45.415361,7.49
-73.939796,45.415362,7.543
-73.939825,45.415372,7.495
-73.939848,45.415387,7.668
-73.939861,45.415409,7.708
-73.939868,45.415431,7.709
-73.939869,45.415453,7.623
-73.939863,45.415475,7.502
-73.939846,45.415494,7.236
-73.939825,45.415509,7.069
-73.939799,45.415518,7.028
-73.939772,45.415523,7.026
-73.939745,45.415524,7.05
-73.939719,45.415523,7.06
-73.939692,45.415521,7.061
-73.939666,45.415518,7.097
-73.939639,45.415511,7.12
-73.939612,45.415501,7.102
-73.939582,45.415494,7.115
-73.939548,45.415489,7.111
-73.939512,45.415486,7.129
-73.939473,45.415486,7.13
-73.939435,45.415489,7.103
-73.939396,45.415495,7.08
-73.939359,45.415505,7.063
-73.939324,45.415519,7.039
-73.939291,45.415534,7.025
-73.939258,45.415553,6.975
-73.939227,45.415572,6.936
-73.939195,45.415593,6.916
-73.939164,45.415613,6.917
-73.939131,45.415634,6.937
-73.939096,45.415653,6.981
-73.939057,45.41567,6.987
-73.939014,45.415687,7.004
-73.93897,45.415704,6.98
-73.938925,45.41572,7.019
-73.93888,45.415736,7.042
-73.938836,45.415752,7.044
-73.938792,45.415769,7.045
-73.938745,45.415786,7.007
-73.938696,45.415804,6.992
-73.938648,45.415823,7.02
-73.938598,45.41584,7.054
-73.938548,45.415856,7.081
-73.938498,45.415873,7.119
-73.938449,45.41589,7.138
-73.9384,45.415907,7.155
-73.938352,45.415925,7.206
-73.938302,45.415943,7.219
-73.938252,45.41596,7.223
-73.9382,45.415977,7.21
-73.938147,45.415994,7.187
-73.938094,45.416011,7.211
-73.938041,45.416029,7.275
-73.937988,45.416047,7.295
-73.937934,45.416065,7.314
-73.937881,45.416083,7.3
-73.937826,45.416102,7.276
-73.937771,45.416121,7.271
-73.937715,45.416141,7.244
-73.93766,45.416163,7.196
-73.937605,45.416183,7.179
-73.937551,45.416204,7.147
-73.937496,45.416226,7.199
-73.937442,45.416247,7.228
-73.937389,45.416269,7.242
-73.937336,45.416291,7.236
-73.937285,45.416315,7.263
-73.937235,45.416337,7.339
-73.937184,45.416358,7.457
-73.937135,45.416378,7.586
-73.937088,45.416398,7.726
-73.937042,45.416418,7.896
-73.936998,45.416438,8.035
-73.936955,45.416459,8.164
-73.936914,45.416479,8.262
-73.936876,45.416499,8.343
-73.936837,45.416518,8.359
-73.936797,45.416537,8.346
-73.936754,45.416552,8.331
-73.936708,45.416565,8.195
-73.936659,45.416577,8.103
-73.936607,45.416588,8.004
-73.936555,45.416598,7.926
-73.936504,45.416609,7.892
-73.936456,45.416621,7.91
-73.936409,45.416635,7.958
-73.936364,45.416648,8.035
-73.936321,45.416662,8.12
-73.936279,45.416675,8.241
-73.936239,45.416689,8.341
-73.936199,45.416703,8.39
-73.93616,45.416716,8.408
-73.936119,45.41673,8.42
-73.93608,45.416746,8.403
-73.936042,45.416761,8.453
-73.936007,45.416774,8.566
-73.935968,45.416789,8.368
-73.935928,45.416804,8.031
-73.935886,45.416818,7.942
-73.935844,45.41683,7.941
-73.935805,45.416843,7.903
-73.935768,45.416854,7.926
-73.935731,45.416865,7.921
-73.935698,45.416878,7.945
-73.935673,45.416896,7.959
-73.935659,45.416916,7.91
-73.935659,45.416938,7.847
-73.935671,45.416957,7.798
-73.935692,45.416971,7.785
-73.935719,45.416977,7.764
-73.935746,45.416977,7.708
-73.935773,45.416969,7.696
-73.9358,45.416959,7.703
-73.935825,45.416947,7.721
-73.935851,45.416935,7.728
-73.935879,45.416922,7.731
-73.935909,45.41691,7.707
-73.935939,45.416899,7.772
-73.935965,45.416887,7.918
-73.935992,45.416877,8.154
-73.936022,45.416867,8.16
-73.936053,45.416855,7.999
-73.936086,45.416841,7.939
-73.936123,45.416827,7.898
-73.936162,45.416812,7.918
-73.936202,45.416796,7.891
-73.936244,45.416779,7.874
-73.936286,45.416762,7.834
-73.936329,45.416745,7.83
-73.936373,45.416728,7.798
-73.936417,45.416711,7.746
-73.936463,45.416694,7.701
-73.936511,45.416676,7.644
-73.936559,45.416659,7.65
-73.936607,45.416642,7.72
-73.936655,45.416625,7.799
-73.936703,45.416609,7.854
-73.936751,45.416593,7.971
-73.936799,45.416576,8.082
-73.936847,45.41656,8.087
-73.936896,45.416544,8.093
-73.936946,45.416526,8.009
-73.936996,45.416509,7.868
-73.937045,45.416492,7.737
-73.937096,45.416474,7.542
-73.937145,45.416456,7.339
-73.937195,45.416438,7.281
-73.937246,45.41642,7.21
-73.937297,45.416402,7.154
-73.937349,45.416383,7.124
-73.9374,45.416364,7.107
-73.93745,45.416346,7.091
-73.937501,45.416328,7.073
-73.937552,45.416309,7.064
-73.937604,45.41629,7.086
-73.937656,45.416271,7.105
-73.937708,45.416251,7.125
-73.937761,45.416231,7.108
-73.937813,45.416211,7.099
-73.937865,45.416192,7.074
-73.937916,45.416173,7.068
-73.937968,45.416154,7.085
-73.938019,45.416134,7.078
-73.938069,45.416116,7.098
-73.93812,45.416097,7.097
-73.938169,45.416078,7.111
-73.93822,45.416059,7.14
-73.938271,45.416041,7.168
-73.938322,45.416021,7.2
-73.938374,45.416001,7.199
-73.938427,45.415981,7.191
-73.93848,45.415961,7.199
-73.938533,45.415941,7.176
-73.938585,45.41592,7.147
-73.938636,45.415902,7.121
-73.938687,45.415882,7.103
-73.938739,45.415862,7.079
-73.938791,45.415843,7.042
-73.938844,45.415824,7.032
-73.938897,45.415806,7
-73.938949,45.415788,6.97
-73.939001,45.415769,6.913
-73.939053,45.415751,6.879
-73.939103,45.415733,6.909
-73.939153,45.415716,6.935
-73.939201,45.415699,6.924
-73.939249,45.415683,6.886
-73.939297,45.415665,6.871
-73.939345,45.415647,6.836
-73.939394,45.41563,6.81
-73.939443,45.415613,6.871
-73.939491,45.415595,6.917
-73.939538,45.415579,7.03
-73.939583,45.415563,7.113
-73.939629,45.415548,7.094
-73.939676,45.415534,7.076
-73.93972,45.415519,7.051
-73.939764,45.415506,7.029
-73.939805,45.415496,7.082
-73.939843,45.415493,7.187
-73.939874,45.415501,7.455
-73.939897,45.415517,7.659
-73.939907,45.415539,7.673
-73.939893,45.415563,7.507
-73.939863,45.415583,7.242
-73.939824,45.415593,7.059
-73.939782,45.415596,7.081
-73.939741,45.415598,7.11
-73.939702,45.415599,7.135
-73.939662,45.415603,7.161
-73.93962,45.415609,7.104
-73.939577,45.415618,7.02
-73.939536,45.41563,6.945
-73.939495,45.415643,6.888
-73.939456,45.415656,6.863
-73.939419,45.415669,6.834
-73.939384,45.415681,6.87
-73.93935,45.415694,6.881
-73.939317,45.415706,6.898
-73.939282,45.415719,6.876
-73.939246,45.415733,6.883
-73.939208,45.415748,6.878
-73.939171,45.415762,6.866
-73.939133,45.415777,6.836
-73.939095,45.415791,6.904
-73.939057,45.415807,6.921
-73.939018,45.415822,6.969
-73.938978,45.415838,6.999
-73.938936,45.415854,7.07
-73.938894,45.415871,7.074
-73.938852,45.415888,7.13
-73.93881,45.415905,7.172
-73.938766,45.415923,7.195
-73.938721,45.415941,7.183
-73.938674,45.415961,7.15
-73.938623,45.415981,7.172
-73.938573,45.416001,7.201
-73.938521,45.416022,7.198
-73.938467,45.416043,7.158
-73.938412,45.416065,7.14
-73.938355,45.416087,7.12
-73.938298,45.41611,7.095
-73.938241,45.416133,7.104
-73.938185,45.416157,7.08
-73.938128,45.41618,7.076
-73.938071,45.416202,7.087
-73.938014,45.416226,7.052
-73.937954,45.416249,7.038
-73.937895,45.416271,7.067
-73.937833,45.416294,7.076
-73.937773,45.416317,7.014
-73.937711,45.416339,7.087
-73.93765,45.416361,7.059
-73.937588,45.416383,7.073
-73.937527,45.416406,7.05
-73.937463,45.416428,7.057
-73.937399,45.416451,7.038
-73.937336,45.416473,7.052
-73.937275,45.416495,7.069
-73.937212,45.416517,7.087
-73.937151,45.416541,7.094
-73.937093,45.416566,7.192
-73.937036,45.416588,7.373
-73.936979,45.416609,7.495
-73.936922,45.416626,7.589
-73.936865,45.416643,7.626
-73.936806,45.41666,7.633
-73.936746,45.416678,7.617
-73.936685,45.416697,7.586
-73.936625,45.416717,7.564
-73.936563,45.416736,7.559
-73.936502,45.416758,7.58
-73.93644,45.416779,7.614
-73.936377,45.416801,7.555
-73.936314,45.416823,7.546
-73.936251,45.416844,7.549
-73.936191,45.416866,7.594
-73.936132,45.416888,7.627
-73.936077,45.41691,7.667
-73.936026,45.416929,7.866
-73.935974,45.416945,7.771
-73.935931,45.416961,7.558
-73.935894,45.416974,7.557
-73.935857,45.416987,7.583
-73.93582,45.417002,7.574
-73.93578,45.417018,7.555
-73.935738,45.417034,7.577
-73.935691,45.41705,7.552
-73.935643,45.417065,7.472
-73.935597,45.417079,7.422
-73.935555,45.417093,7.363
-73.935522,45.41711,7.333
-73.9355,45.417132,7.247
-73.935492,45.417156,7.201
-73.935498,45.41718,7.173
-73.935515,45.417199,7.244
-73.93554,45.417213,7.289
-73.93557,45.417219,7.359
-73.935603,45.417217,7.411
-73.93564,45.41721,7.432
-73.93568,45.417197,7.389
-73.935721,45.417182,7.335
-73.935763,45.417166,7.333
-73.935805,45.41715,7.335
-73.935847,45.417134,7.303
-73.93589,45.417117,7.316
-73.935934,45.417102,7.306
-73.935974,45.417088,7.541
-73.936017,45.417076,7.664
-73.936061,45.417062,7.44
-73.936109,45.417048,7.17
-73.936159,45.417035,7.083
-73.936209,45.417024,7.103
-73.936255,45.417011,7.224
-73.936301,45.416998,7.254
-73.936348,45.416985,7.195
-73.936395,45.416971,7.188
-73.936444,45.416957,7.185
-73.936494,45.416944,7.237
-73.936545,45.416929,7.288
-73.936596,45.416915,7.277
-73.936646,45.4169,7.302
-73.936696,45.416883,7.34
-73.936744,45.416864,7.455
-73.936791,45.416844,7.544
-73.936842,45.416822,7.463
-73.936893,45.416797,7.292
-73.936947,45.416771,7.057
-73.937003,45.416746,6.982
-73.937058,45.416722,7.016
-73.937112,45.416698,7
-73.937168,45.416676,7.028
-73.937224,45.416653,7.014
-73.937281,45.41663,7.028
-73.937338,45.416607,7.035
-73.937396,45.416583,6.999
-73.937453,45.416561,7.032
-73.937508,45.41654,7.041
-73.937563,45.416519,7.056
-73.937618,45.4165,7.07
-73.937672,45.416481,7.099
-73.937727,45.416463,7.118
-73.937781,45.416446,7.121
-73.937834,45.416427,7.089
-73.937888,45.41641,7.078
-73.93794,45.416393,7.095
-73.937991,45.416375,7.108
-73.938041,45.416357,7.107
-73.938092,45.41634,7.099
-73.938141,45.416323,7.084
-73.93819,45.416306,7.059
-73.93824,45.416288,7.085
-73.93829,45.416269,7.106
-73.938344,45.416251,7.12
-73.9384,45.416233,7.103
-73.938458,45.416214,7.101
-73.938517,45.416196,7.115
-73.938576,45.416178,7.139
-73.938634,45.41616,7.134
-73.938692,45.416141,7.153
-73.938751,45.416124,7.159
-73.938808,45.416107,7.173
-73.938865,45.416089,7.194
-73.938923,45.416072,7.199
-73.93898,45.416054,7.187
-73.939039,45.416036,7.139
-73.939098,45.416017,7.167
-73.939156,45.415998,7.148
-73.939214,45.415979,7.083
-73.939272,45.41596,7.017
-73.93933,45.415941,7.03
-73.939386,45.415922,7.032
-73.939441,45.415903,7.058
-73.939495,45.415883,7.049
-73.939549,45.415863,7.11
-73.939599,45.415843,7.097
-73.939645,45.415824,7.163
-73.939689,45.415804,7.184
-73.939731,45.415786,7.207
-73.939773,45.415769,7.231
-73.939817,45.415752,7.222
-73.939861,45.415741,7.196
-73.939901,45.415743,7.367
-73.939933,45.415753,7.512
-73.939954,45.415771,7.64
-73.939961,45.415796,7.655
-73.939954,45.415823,7.599
-73.939931,45.415847,7.472
-73.939896,45.415868,7.288
-73.939856,45.415883,7.295
-73.939814,45.415895,7.269
-73.93977,45.415907,7.234
-73.939727,45.41592,7.229
-73.939684,45.415935,7.233
-73.939641,45.415954,7.188
-73.939597,45.415975,7.139
-73.93955,45.415998,7.128
-73.939502,45.416023,7.101
-73.939452,45.416049,7.04
-73.939403,45.416074,7.048
-73.939354,45.4161,7.065
-73.939304,45.416124,7.109
-73.939253,45.416148,7.13
-73.939202,45.416171,7.176
-73.93915,45.416196,7.196
-73.939098,45.41622,7.226
-73.939043,45.416241,7.136
-73.938989,45.416259,7.131
-73.938935,45.416274,7.144
-73.938881,45.416288,7.151
-73.938829,45.416303,7.176
-73.938776,45.416321,7.196
-73.938721,45.416336,7.193
-73.938664,45.416349,7.204
-73.938608,45.416364,7.202
-73.938552,45.416378,7.221
-73.938495,45.416389,7.236
-73.938438,45.416399,7.269
-73.938379,45.416406,7.314
-73.938321,45.416414,7.317
-73.938263,45.416424,7.299
-73.938205,45.416435,7.252
-73.938144,45.416448,7.201
-73.938082,45.41646,7.177
-73.93802,45.416473,7.165
-73.937958,45.416487,7.153
-73.937898,45.416504,7.153
-73.937839,45.416522,7.137
-73.937783,45.416542,7.107
-73.937728,45.416563,7.081
-73.937675,45.416585,7.087
-73.937624,45.416609,7.078
-73.937572,45.416634,7.063
-73.93752,45.41666,7.061
-73.937468,45.416686,7.045
-73.937415,45.416712,7.008
-73.937362,45.416737,7.006
-73.937311,45.416762,7.079
-73.937261,45.416787,7.191
-73.937211,45.416811,7.23
-73.937159,45.416835,7.232
-73.937107,45.416858,7.246
-73.937054,45.41688,7.257
-73.937,45.416901,7.269
-73.936945,45.416919,7.26
-73.936886,45.416934,7.157
-73.936827,45.416949,7.109
-73.936767,45.416964,7.104
-73.936707,45.41698,7.099
-73.936646,45.416996,7.044
-73.936586,45.417014,7.015
-73.936527,45.417032,7.035
-73.936469,45.417048,7.053
-73.936412,45.417063,7.027
-73.936359,45.417076,6.972
-73.936308,45.417087,6.97
-73.936259,45.417098,6.983
-73.936209,45.417109,7.08
-73.936157,45.417119,7.173
-73.936104,45.41713,7.265
-73.936053,45.41714,7.477
-73.936,45.417151,7.622
-73.935945,45.417163,7.4
-73.93589,45.417175,7.331
-73.935836,45.417187,7.347
-73.935784,45.4172,7.339
-73.935732,45.417213,7.302
-73.935682,45.417227,7.325
-73.935638,45.417242,7.329
-73.935605,45.417261,7.311
-73.935585,45.417285,7.265
-73.935582,45.417311,7.173
-73.935596,45.417332,7.193
-73.93562,45.417347,7.234
-73.93565,45.417353,7.189
-73.93568,45.417351,7.16
-73.935709,45.41734,7.209
-73.935738,45.417327,7.193
-73.935773,45.417312,7.219
-73.935812,45.4173,7.237
-73.935854,45.417287,7.287
-73.935898,45.417275,7.254
-73.935939,45.417263,7.32
-73.935978,45.417251,7.561
-73.936016,45.41724,7.605
-73.936054,45.417228,7.481
-73.936094,45.417215,7.375
-73.936136,45.417204,7.167
-73.936178,45.417193,7.138
-73.936222,45.417182,7.144
-73.936266,45.41717,7.073
-73.936311,45.417157,7.033
-73.936357,45.417142,7.015
-73.936403,45.417126,7.051
-73.936451,45.417109,7.089
-73.9365,45.417091,7.083
-73.936551,45.417074,7.054
-73.936603,45.417057,7.031
-73.936655,45.417041,7.001
-73.936707,45.417025,6.989
-73.936761,45.417011,6.984
-73.936813,45.416995,7.038
-73.936863,45.416979,7.17
-73.936916,45.416965,7.27
-73.936969,45.416952,7.279
-73.937024,45.416938,7.305
-73.93708,45.416924,7.298
-73.937137,45.416911,7.299
-73.937193,45.416899,7.366
-73.937248,45.416888,7.477
-73.937302,45.416875,7.561
-73.937354,45.41686,7.603
-73.937407,45.416844,7.641
-73.937462,45.416828,7.649
-73.937518,45.416812,7.624
-73.937574,45.416796,7.604
-73.937629,45.416779,7.624
-73.937683,45.416762,7.628
-73.937738,45.416746,7.637
-73.937792,45.416729,7.603
-73.937849,45.416713,7.583
-73.937905,45.416696,7.576
-73.937959,45.416678,7.586
-73.938012,45.416657,7.54
-73.938065,45.416635,7.493
-73.938117,45.416614,7.428
-73.938169,45.416592,7.353
-73.938223,45.416571,7.342
-73.938276,45.416549,7.311
-73.938329,45.416528,7.297
-73.938384,45.416508,7.258
-73.938438,45.416491,7.247
-73.938493,45.416473,7.254
-73.938546,45.416455,7.259
-73.9386,45.416438,7.287
-73.938655,45.416422,7.298
-73.93871,45.416407,7.305
-73.938766,45.416393,7.308
-73.938823,45.41638,7.307
-73.938879,45.416366,7.305
-73.938935,45.416352,7.284
-73.938991,45.416337,7.281
-73.939046,45.416322,7.278
-73.939102,45.416306,7.259
-73.939158,45.416291,7.248
-73.939215,45.416276,7.242
-73.939272,45.416261,7.218
-73.93933,45.416245,7.15
-73.939389,45.416229,7.117
-73.939452,45.416213,7.149
-73.939515,45.416197,7.192
-73.939576,45.416181,7.257
-73.939636,45.416165,7.308
-73.939694,45.416148,7.345
-73.939747,45.41613,7.373
-73.939799,45.416112,7.427
-73.939847,45.416096,7.457
-73.939895,45.416087,7.443
-73.939941,45.416088,7.431
-73.939977,45.416101,7.617
-73.939998,45.416122,7.776
-73.939997,45.416148,7.826
-73.939973,45.41617,7.749
-73.939935,45.416184,7.735
-73.93989,45.416196,7.719
-73.939841,45.416207,7.712
-73.939789,45.416221,7.652
-73.939733,45.416236,7.617
-73.939675,45.416253,7.578
-73.939615,45.41627,7.515
-73.939554,45.416287,7.476
-73.93949,45.416305,7.487
-73.939424,45.416325,7.445
-73.939357,45.416344,7.38
-73.939288,45.416362,7.313
-73.93922,45.416381,7.295
-73.939153,45.416402,7.317
-73.939086,45.416422,7.342
-73.939019,45.416443,7.357
-73.938952,45.416463,7.356
-73.938883,45.416484,7.358
-73.938812,45.416506,7.368
-73.938739,45.416527,7.375
-73.938665,45.416549,7.394
-73.93859,45.41657,7.377
-73.938515,45.416591,7.437
-73.93844,45.416611,7.505
-73.938366,45.416632,7.586
-73.938291,45.416654,7.623
-73.938216,45.416675,7.706
-73.938143,45.416695,7.843
-73.938071,45.416715,7.956
-73.938001,45.416735,8.045
-73.937932,45.416756,8.06
-73.937861,45.416777,8.026
-73.937792,45.416797,7.994
-73.937722,45.416816,7.956
-73.937654,45.416835,7.913
-73.937586,45.416854,7.89
-73.937519,45.416874,7.807
-73.937451,45.416894,7.716
-73.937382,45.416912,7.617
-73.937314,45.416931,7.491
-73.937247,45.41695,7.409
-73.937181,45.416968,7.333
-73.937116,45.416984,7.243
-73.93705,45.417001,7.223
-73.936984,45.417018,7.226
-73.936918,45.417035,7.18
-73.936853,45.417051,7.121
-73.936787,45.417068,7.02
-73.936721,45.417085,6.948
-73.936656,45.417102,7.017
-73.93659,45.417118,7.134
-73.936527,45.417136,7.177
-73.936463,45.417152,7.109
-73.936398,45.417168,7.024
-73.936336,45.417183,6.996
-73.936276,45.417198,7.051
-73.936221,45.417216,7.116
-73.936174,45.417238,7.095
-73.936143,45.417265,7.127
-73.936129,45.417292,7.168
-73.93613,45.417321,7.237
-73.936144,45.417345,7.303
-73.936171,45.417363,7.319
-73.936207,45.417372,7.329
-73.936244,45.41737,7.167
-73.93628,45.417359,7.125
-73.936315,45.417343,7.132
-73.936351,45.417324,7.107
-73.936391,45.417305,7.153
-73.936434,45.417286,7.155
-73.936479,45.41727,7.181
-73.936525,45.417251,7.209
-73.936572,45.417235,7.239
-73.936618,45.417216,7.236
-73.936666,45.417199,7.226
-73.936714,45.417181,7.22
-73.936762,45.417163,7.223
-73.936811,45.417145,7.246
-73.936859,45.417126,7.236
-73.936908,45.417104,7.232
-73.936959,45.417082,7.233
-73.93701,45.417059,7.226
-73.937061,45.417036,7.272
-73.937112,45.417014,7.283
-73.937165,45.416993,7.306
-73.937221,45.416973,7.339
-73.93728,45.416954,7.416
-73.937341,45.416937,7.515
-73.937405,45.416922,7.637
-73.937472,45.41691,7.71
-73.937539,45.416897,7.815
-73.937607,45.416883,7.921
-73.937677,45.416869,8.002
-73.937747,45.416855,8.061
-73.937819,45.416838,8.163
-73.937892,45.416818,8.257
-73.937965,45.416798,8.366
-73.93804,45.416777,8.394
-73.938115,45.416755,8.292
-73.938193,45.416732,8.137
-73.938273,45.41671,7.952
-73.938354,45.416688,7.873
-73.938434,45.416667,7.787
-73.938514,45.416645,7.652
-73.938595,45.416624,7.541
-73.938674,45.416601,7.456
-73.938752,45.416578,7.417
-73.938828,45.416556,7.41
-73.938905,45.416537,7.391
-73.938982,45.416518,7.398
-73.93906,45.416498,7.368
-73.939136,45.416479,7.321
-73.939212,45.416461,7.298
-73.939288,45.416443,7.316
-73.939362,45.416427,7.279
-73.939436,45.416411,7.282
-73.939507,45.416397,7.36
-73.939577,45.416382,7.377
-73.939643,45.416368,7.439
-73.939704,45.416353,7.523
-73.939759,45.416337,7.613
-73.939807,45.416322,7.675
-73.939849,45.416305,7.702
-73.939888,45.41629,7.757
-73.939928,45.416278,7.815
-73.939967,45.416275,7.846
-73.939999,45.416282,7.905
-73.940023,45.416297,8.085
-73.940037,45.416317,8.21
-73.940042,45.416341,8.24
-73.940035,45.416367,8.134
-73.940014,45.416393,8.021
-73.939979,45.416413,8.03
-73.939932,45.416428,7.998
-73.939877,45.416444,7.894
-73.939814,45.416461,7.742
-73.939746,45.416479,7.618
-73.939676,45.416497,7.501
-73.939604,45.416515,7.398
-73.939531,45.416533,7.396
-73.939459,45.416551,7.454
-73.939388,45.416569,7.47
-73.939316,45.416588,7.476
-73.939242,45.416606,7.475
-73.939164,45.416625,7.449
-73.939084,45.416644,7.488
-73.939003,45.416663,7.547
-73.938923,45.416682,7.645
-73.938842,45.416702,7.818
-73.938758,45.416723,8.022
-73.938674,45.416744,8.284
-73.938592,45.416765,8.566
-73.938512,45.416787,8.691
-73.938433,45.416807,8.719
-73.938354,45.416826,8.739
-73.938278,45.416844,8.758
-73.938202,45.416863,8.769
-73.938126,45.416881,8.781
-73.938052,45.416901,8.759
-73.937978,45.416919,8.612
-73.937904,45.416936,8.447
-73.937829,45.416951,8.268
-73.937756,45.416966,8.156
-73.937682,45.416981,7.946
-73.937608,45.416995,7.772
-73.937532,45.417009,7.599
-73.937457,45.417022,7.494
-73.937384,45.417036,7.408
-73.937313,45.41705,7.396
-73.937243,45.417064,7.392
-73.937175,45.417078,7.414
-73.937108,45.417097,7.387
-73.937042,45.417119,7.281
-73.936977,45.417142,7.242
-73.936913,45.417165,7.237
-73.93685,45.417187,7.255
-73.936787,45.417209,7.258
-73.936726,45.417231,7.318
-73.936669,45.417253,7.352
-73.936612,45.417272,7.342
-73.936558,45.41729,7.299
-73.936503,45.417305,7.25
-73.93645,45.417321,7.224
-73.936399,45.417334,7.211
-73.936351,45.417347,7.168
-73.936305,45.41736,7.146
-73.936267,45.417378,7.137
-73.936241,45.417401,7.227
-73.936232,45.417428,7.293
-73.936243,45.417454,7.327
-73.93627,45.417473,7.352
-73.936309,45.417482,7.345
-73.936352,45.417479,7.323
-73.936398,45.417469,7.291
-73.936446,45.417456,7.32
-73.936496,45.417442,7.342
-73.936545,45.417426,7.329
-73.936598,45.41741,7.348
-73.936653,45.417391,7.378
-73.936709,45.417372,7.38
-73.936767,45.417352,7.389
-73.936824,45.417334,7.422
-73.936882,45.417315,7.475
-73.936938,45.417296,7.469
-73.936994,45.417278,7.486
-73.937049,45.417259,7.475
-73.937104,45.417241,7.477
-73.93716,45.417222,7.456
-73.937217,45.417203,7.409
-73.937275,45.417182,7.399
-73.937334,45.417162,7.435
-73.937393,45.41714,7.474
-73.937452,45.417119,7.536
-73.93751,45.417099,7.569
-73.93757,45.417079,7.691
-73.937629,45.417059,7.85
-73.937687,45.41704,7.956
-73.937744,45.417022,8.068
-73.9378,45.417003,8.178
-73.937857,45.416984,8.294
-73.937912,45.416966,8.468
-73.937967,45.416949,8.598
-73.938023,45.416933,8.692
-73.938082,45.416919,8.724
-73.938142,45.416907,8.754
-73.938204,45.416895,8.762
-73.938266,45.416884,8.786
-73.938331,45.416874,8.798
-73.938397,45.416862,8.855
-73.938464,45.41685,8.869
-73.93853,45.416838,8.85
-73.938597,45.416826,8.809
-73.938663,45.416813,8.756
-73.938729,45.416801,8.607
-73.938795,45.416788,8.452
-73.93886,45.416775,8.245
-73.938928,45.416763,8.057
-73.938995,45.41675,7.913
-73.939064,45.416736,7.789
-73.939135,45.416722,7.681
-73.939207,45.416709,7.667
-73.939279,45.416696,7.65
-73.939351,45.416683,7.658
-73.939423,45.416669,7.665
-73.939495,45.416656,7.679
-73.939566,45.416644,7.676
-73.939638,45.416631,7.696
-73.939706,45.416618,7.727
-73.939771,45.416605,7.801
-73.93983,45.416591,7.879
-73.939886,45.41658,7.991
-73.939939,45.416572,8.147
-73.93999,45.416572,8.316
-73.940035,45.41658,8.457
-73.940068,45.416597,8.606
-73.940087,45.416623,8.777
-73.94009,45.416652,8.817
-73.940072,45.41668,8.753
-73.939997,45.416718,8.727
-73.93995,45.416731,8.711
-73.939898,45.416742,8.676
-73.939844,45.416755,8.639
-73.939781,45.41677,8.62
-73.939711,45.416785,8.491
-73.939635,45.416801,8.309
-73.939558,45.416816,8.237
-73.939482,45.416833,8.273
-73.939408,45.41685,8.347
-73.939333,45.416866,8.465
-73.93926,45.416882,8.601
-73.939188,45.416898,8.762
-73.939117,45.416914,8.92
-73.939046,45.416931,9.027
-73.938975,45.416949,9.146
-73.938903,45.416964,9.192
-73.938829,45.416978,9.226
-73.938754,45.416991,9.211
-73.938601,45.417017,9.085
-73.938523,45.417032,8.979
-73.938444,45.417048,8.85
-73.938288,45.417075,8.707
-73.938139,45.417101,8.482
-73.938067,45.417115,8.432
-73.937996,45.417128,8.334
-73.937927,45.417144,8.253
-73.937859,45.417159,8.173
-73.937793,45.417173,8.183
-73.937727,45.417187,8.16
-73.937664,45.417205,8.106
-73.937603,45.417225,8.03
-73.937543,45.417248,7.976
-73.937427,45.417294,7.866
-73.937368,45.417312,7.751
-73.937307,45.417327,7.671
-73.937246,45.41734,7.612
-73.937118,45.417359,7.506
-73.937051,45.417368,7.48
-73.936984,45.417376,7.474
-73.936918,45.417385,7.478
-73.936852,45.417395,7.473
-73.936726,45.417421,7.451
-73.9366,45.417448,7.332
-73.936537,45.417461,7.341
-73.936475,45.417472,7.34
-73.936367,45.417495,7.35
-73.936296,45.417535,7.41
-73.936281,45.417563,7.469
-73.936279,45.417593,7.517
-73.936321,45.417648,7.432
-73.936406,45.417666,7.356
-73.936451,45.417658,7.333
-73.936495,45.417644,7.331
-73.936676,45.41758,7.392
-73.936722,45.417563,7.419
-73.936766,45.417544,7.425
-73.93691,45.417492,7.427
-73.936961,45.417475,7.397
-73.937014,45.417459,7.392
-73.937067,45.417446,7.402
-73.937171,45.417416,7.462
-73.937274,45.417388,7.581
-73.937326,45.417375,7.644
-73.937378,45.417362,7.711
-73.937586,45.41732,8.088
-73.937639,45.417307,8.174
-73.937693,45.417293,8.219
-73.937927,45.417238,8.285
-73.937988,45.417226,8.32
-73.938048,45.417212,8.37
-73.938109,45.417199,8.402
-73.93817,45.417185,8.428
-73.93829,45.417155,8.542
-73.938349,45.41714,8.585
-73.938408,45.417123,8.61
-73.938528,45.417095,8.733
-73.938587,45.417081,8.806
-73.938648,45.417069,8.866
-73.938709,45.417059,8.94
-73.938771,45.417051,8.985
-73.938895,45.417037,8.995
-73.939017,45.417026,9.051
-73.939078,45.417019,9.08
-73.939138,45.41701,9.134
-73.939259,45.416991,9.102
-73.939381,45.416973,9.076
-73.939439,45.416964,9.079
-73.939498,45.416955,9.088
-73.939611,45.416937,9.167
-73.939726,45.416916,9.088
-73.939782,45.416904,9.081
-73.939837,45.416892,9.043
-73.939985,45.416855,9.056
-73.94003,45.416853,9.026
-73.940072,45.41686,9.012
-73.940105,45.416876,9.021
-73.940138,45.416927,9.072
-73.940109,45.41698,8.96
-73.940074,45.416998,9.036
-73.940035,45.41701,9.059
-73.9399,45.417038,9.095
-73.93985,45.417045,9.123
-73.939799,45.417053,9.169
-73.939748,45.41706,9.169
-73.939531,45.417098,9.168
-73.939474,45.417108,9.104
-73.939415,45.417117,8.989
-73.939167,45.417157,8.508
-73.939101,45.417166,8.424
-73.939033,45.417174,8.364
-73.938889,45.417191,8.298
-73.938743,45.417204,8.335
-73.93867,45.417209,8.354
-73.938598,45.417214,8.333
-73.938453,45.417225,8.307
-73.938311,45.417239,8.273
-73.938242,45.417246,8.278
-73.938171,45.417253,8.256
-73.937893,45.417294,8.195
-73.937825,45.417303,8.224
-73.937758,45.417317,8.178
-73.937504,45.417399,7.752
-73.937439,45.417421,7.602
-73.937372,45.417442,7.513
-73.937235,45.417485,7.428
-73.937098,45.417521,7.404
-73.93703,45.417535,7.418
-73.936962,45.417551,7.449
-73.936702,45.417632,7.317
-73.93664,45.417656,7.296
-73.936579,45.417679,7.353
-73.936457,45.417721,7.309
-73.936338,45.417755,7.428
-73.936287,45.41777,7.528
-73.936253,45.417783,7.532
-73.936187,45.417815,7.467
-73.936145,45.417854,7.42
-73.936142,45.417871,7.373
-73.936146,45.417887,7.415
-73.936176,45.417913,7.538
-73.936201,45.417918,7.533
-73.936229,45.417918,7.518
-73.936256,45.41791,7.57
-73.936282,45.417899,7.588
-73.936331,45.417876,7.504
-73.936388,45.417853,7.416
-73.936426,45.41784,7.379
-73.936476,45.417823,7.339
-73.936593,45.417786,7.359
-73.936718,45.417744,7.37
-73.936782,45.417721,7.361
-73.936848,45.4177,7.342
-73.936979,45.417658,7.331
-73.937108,45.417618,7.343
-73.937172,45.4176,7.384
-73.937236,45.417581,7.38
-73.937367,45.417544,7.45
-73.937497,45.417508,7.526
-73.937562,45.41749,7.616
-73.937627,45.417472,7.689
-73.937758,45.417434,7.699
-73.937823,45.417414,7.738
-73.937888,45.417396,7.746
-73.937953,45.417378,7.808
-73.938019,45.41736,7.843
-73.938285,45.417295,8.045
-73.938351,45.417279,8.06
-73.938416,45.417264,8.112
-73.938684,45.417226,8.274
-73.938753,45.417223,8.213
-73.938822,45.417221,8.19
-73.938888,45.417218,8.176
-73.938953,45.417216,8.144
-73.939017,45.417215,8.181
-73.939272,45.417212,8.361
-73.939337,45.41721,8.396
-73.939401,45.41721,8.532
-73.93966,45.417192,8.834
-73.939728,45.417185,8.855
-73.939794,45.417177,8.893
-73.939858,45.417169,8.957
-73.939919,45.417161,9.017
-73.940028,45.417143,9.039
-73.940075,45.417137,8.989
-73.940119,45.417136,8.953
-73.940178,45.417208,8.937
-73.940151,45.417225,8.853
-73.940115,45.417235,8.872
-73.939943,45.41725,8.654
-73.939895,45.417252,8.603
-73.939845,45.417255,8.531
-73.939645,45.417271,8.448
-73.939593,45.417274,8.404
-73.939541,45.417278,8.323
-73.939364,45.417292,7.998
-73.939299,45.417297,7.92
-73.939232,45.417301,7.898
-73.939163,45.417306,7.875
-73.939024,45.417317,7.763
-73.938955,45.417323,7.73
-73.938886,45.417328,7.717
-73.938818,45.417334,7.704
-73.93875,45.41734,7.722
-73.938482,45.417367,7.619
-73.938415,45.417375,7.636
-73.93835,45.417384,7.605
-73.938284,45.417394,7.559
-73.938218,45.417403,7.558
-73.938088,45.417429,7.533
-73.938025,45.417446,7.529
-73.937962,45.417462,7.561
-73.937716,45.417536,7.526
-73.937654,45.417557,7.467
-73.937592,45.41758,7.407
-73.937336,45.417648,7.354
-73.937272,45.417661,7.352
-73.936934,45.41773,7.449
-73.936865,45.417745,7.43
-73.936797,45.41776,7.418
-73.936595,45.417806,7.345
-73.936532,45.417827,7.313
-73.936472,45.417851,7.335
-73.936415,45.417876,7.343
-73.936222,45.417961,7.564
-73.936187,45.417975,7.593
-73.936149,45.418006,7.516
-73.936145,45.418022,7.562
-73.936149,45.418036,7.599
-73.936233,45.418053,7.657
-73.936286,45.418024,7.565
-73.936438,45.417958,7.329
-73.936486,45.417945,7.309
-73.936534,45.417931,7.312
-73.936584,45.417918,7.289
-73.936638,45.417905,7.298
-73.936931,45.417858,7.393
-73.936992,45.417851,7.403
-73.937053,45.417846,7.425
-73.937301,45.417814,7.371
-73.937429,45.417796,7.336
-73.937669,45.417735,7.368
-73.937781,45.417698,7.357
-73.937996,45.417621,7.327
-73.938049,45.417601,7.304
-73.938103,45.417579,7.306
-73.938319,45.417496,7.469
-73.938373,45.417482,7.49
-73.938428,45.417469,7.541
-73.938483,45.417457,7.547
-73.938541,45.417445,7.525
-73.9386,45.417435,7.564
-73.93884,45.417409,7.568
-73.938962,45.417398,7.611
-73.939201,45.417379,7.65
-73.939262,45.417374,7.655
-73.939324,45.41737,7.706
-73.939567,45.417357,8.123
-73.939628,45.417353,8.188
-73.939689,45.41735,8.202
-73.939926,45.417336,8.436
-73.939984,45.417334,8.475
-73.940041,45.417333,8.562
-73.940217,45.417355,8.749
-73.940233,45.41738,8.752
-73.940226,45.417407,8.586
-73.940049,45.417446,8.136
-73.939914,45.417448,8.099
-73.939617,45.417459,7.83
-73.939462,45.417466,7.687
-73.939131,45.417489,7.372
-73.939046,45.417496,7.352
-73.938961,45.417503,7.303
-73.938621,45.417533,7.401
-73.93845,45.417548,7.392
-73.938113,45.417598,7.292
-73.938037,45.417622,7.319
-73.937672,45.417769,7.337
-73.937594,45.417794,7.31
-73.937516,45.41782,7.285
-73.937187,45.417889,7.29
-73.937102,45.417899,7.351
-73.937017,45.41791,7.353
-73.936769,45.417946,7.278
-73.936689,45.417961,7.265
-73.93653,45.417988,7.274
-73.936452,45.417999,7.276
-73.936379,45.41801,7.374
-73.936314,45.418021,7.513
-73.9362,45.418133,7.694
-73.93623,45.418164,7.635
-73.936276,45.418184,7.593
-73.936511,45.418145,7.288
-73.936636,45.418109,7.339
-73.936956,45.418005,7.225
-73.937023,45.417986,7.23
-73.937303,45.41795,7.2
-73.937375,45.417946,7.19
-73.937448,45.417942,7.165
-73.937743,45.417915,7.172
-73.937817,45.417908,7.185
-73.938169,45.417852,7.183
-73.938236,45.417833,7.188
-73.938525,45.417703,7.257
-73.938624,45.417647,7.317
-73.938856,45.417556,7.293
-73.93892,45.417543,7.262
-73.938985,45.417535,7.263
-73.93905,45.41753,7.273
-73.93918,45.417523,7.317
-73.939455,45.417517,7.56
-73.939526,45.417514,7.677
-73.939596,45.417512,7.752
-73.939873,45.417511,7.974
-73.940007,45.41751,7.998
-73.940181,45.41751,8.205
-73.94022,45.417519,8.313
-73.940244,45.417536,8.414
-73.940249,45.41756,8.386
-73.940112,45.417599,8.109
-73.94006,45.4176,8.05
-73.939765,45.417602,7.69
-73.939701,45.417604,7.672
-73.939635,45.417609,7.625
-73.939354,45.417635,7.296
-73.939205,45.417652,7.218
-73.93913,45.417659,7.228
-73.939056,45.417667,7.219
-73.938981,45.417676,7.199
-73.938665,45.417714,7.176
-73.938579,45.417724,7.2
-73.938491,45.417734,7.194
-73.938132,45.41778,7.265
-73.938041,45.417792,7.298
-73.937949,45.417803,7.339
-73.937583,45.417853,7.277
-73.937492,45.417866,7.261
-73.937402,45.417881,7.268
-73.937042,45.417941,7.262
-73.936953,45.417957,7.224
-73.936864,45.417972,7.205
-73.936517,45.418032,7.3
-73.936437,45.418046,7.342
-73.936364,45.418059,7.429
-73.936173,45.418114,7.714
-73.936157,45.41814,7.546
-73.93629,45.418202,7.537
-73.936344,45.418196,7.45
-73.936402,45.418191,7.38
-73.936454,45.418186,7.328
-73.93649,45.418182,7.281
-73.936512,45.418179,7.261
-73.936522,45.418178,7.275
-73.936908,45.418143,7.255
-73.937249,45.418114,7.356
-73.937525,45.418067,7.298
-73.937736,45.418032,7.234
-73.938337,45.417923,7.119
-73.938414,45.417909,7.129
-73.938491,45.417898,7.074
-73.938566,45.417887,7.065
-73.938949,45.417834,7.024
-73.939531,45.417735,7.401
-73.939949,45.417677,7.778
-73.940085,45.417665,7.98
-73.940301,45.417733,8.333
-73.940287,45.417764,8.12
-73.940199,45.417798,7.856
-73.940074,45.417807,7.76
-73.939933,45.417816,7.683
-73.939633,45.417836,7.471
-73.939556,45.417841,7.403
-73.939166,45.417873,7.185
-73.938698,45.417916,7.107
-73.938619,45.417924,7.101
-73.938244,45.417977,7.126
-73.938098,45.418005,7.157
-73.938024,45.418018,7.152
-73.937876,45.418048,7.15
-73.937801,45.418063,7.151
-73.937725,45.418077,7.167
-73.937577,45.418103,7.263
-73.937358,45.418137,7.364
-73.937283,45.418148,7.357
-73.937206,45.418159,7.338
-73.936896,45.418204,7.298
-73.936818,45.418215,7.267
-73.936739,45.418226,7.281
-73.936582,45.418246,7.264
-73.936438,45.418263,7.424
-73.936377,45.418273,7.484
-73.936327,45.418281,7.546
-73.936254,45.418312,7.69
-73.936233,45.41837,7.797
-73.936252,45.418399,7.791
-73.936512,45.418402,7.555
-73.936582,45.418393,7.483
-73.936656,45.418382,7.431
-73.936731,45.418373,7.39
-73.936806,45.418363,7.374
-73.936882,45.418352,7.354
-73.936961,45.41834,7.352
-73.937041,45.418329,7.328
-73.93712,45.418317,7.339
-73.9372,45.418306,7.325
-73.937281,45.418295,7.329
-73.93736,45.418284,7.333
-73.937439,45.418271,7.325
-73.93752,45.418256,7.27
-73.937602,45.418241,7.254
-73.937683,45.418225,7.205
-73.937764,45.41821,7.197
-73.937845,45.418194,7.165
-73.938084,45.418149,7.092
-73.938164,45.418134,7.103
-73.938244,45.418117,7.12
-73.938326,45.4181,7.122
-73.938663,45.418024,7.142
-73.938751,45.418004,7.139
-73.939157,45.417913,7.187
-73.939237,45.417896,7.199
-73.939317,45.41788,7.199
-73.939629,45.417827,7.432
-73.939705,45.417815,7.517
-73.939779,45.417805,7.569
-73.940068,45.417813,7.755
-73.940202,45.417825,7.84
-73.940318,45.417912,7.97
-73.94029,45.417939,7.817
-73.94024,45.417954,7.717
-73.93995,45.417981,7.504
-73.939869,45.417988,7.403
-73.939785,45.417995,7.367
-73.939447,45.418026,7.17
-73.939361,45.418034,7.147
-73.939277,45.418042,7.137
-73.93903,45.418075,7.214
-73.938948,45.418088,7.218
-73.938867,45.418099,7.259
-73.938786,45.41811,7.241
-73.938452,45.418152,7.129
-73.938368,45.418161,7.113
-73.937947,45.418214,7.144
-73.937869,45.418231,7.212
-73.937793,45.418249,7.268
-73.937639,45.418283,7.366
-73.937477,45.418321,7.275
-73.937391,45.418336,7.267
-73.937304,45.41835,7.246
-73.937216,45.418364,7.242
-73.936948,45.418399,7.306
-73.93686,45.41841,7.339
-73.936443,45.418451,7.589
-73.936373,45.418459,7.634
-73.93631,45.418465,7.767
-73.936192,45.418493,7.872
-73.936183,45.418506,7.811
-73.936182,45.418519,7.818
-73.936259,45.418549,7.923
-73.93629,45.418539,7.879
-73.936331,45.418526,7.837
-73.936503,45.418488,7.575
-73.936634,45.418475,7.605
-73.936702,45.41847,7.565
-73.936996,45.418451,7.217
-73.937072,45.418444,7.259
-73.937147,45.418437,7.282
-73.937297,45.418425,7.249
-73.937373,45.418419,7.252
-73.937449,45.418414,7.24
-73.937525,45.418408,7.236
-73.937783,45.418389,7.14
-73.93797,45.418372,7.176
-73.938058,45.418363,7.184
-73.938143,45.418355,7.239
-73.938466,45.418328,7.279
-73.938702,45.418308,7.278
-73.938861,45.418294,7.269
-73.939023,45.418281,7.245
-73.939352,45.418236,7.193
-73.939507,45.418191,7.211
-73.939851,45.418132,7.208
-73.939991,45.41811,7.362
-73.940062,45.418097,7.426
-73.940132,45.418084,7.509
-73.940267,45.41807,7.682
-73.940366,45.418096,7.998
-73.939883,45.418228,7.323
-73.939801,45.418235,7.246
-73.939366,45.418279,7.22
-73.93928,45.418287,7.233
-73.938848,45.418326,7.256
-73.93833,45.418401,7.288
-73.937959,45.418431,7.195
-73.937863,45.418438,7.154
-73.937767,45.418446,7.116
-73.937672,45.418453,7.181
-73.937578,45.41846,7.213
-73.937483,45.418466,7.203
-73.937387,45.418473,7.192
-73.937195,45.418488,7.275
-73.936644,45.418522,7.474
-73.936483,45.418527,7.559
-73.936362,45.418526,7.775
-73.93624,45.418531,7.978
-73.936216,45.418559,7.987
-73.93624,45.418586,7.858
-73.936266,45.418589,7.784
-73.936299,45.418586,7.662
-73.936382,45.418575,7.596
-73.936549,45.41856,7.304
-73.936611,45.418557,7.285
-73.936675,45.418555,7.259
-73.936741,45.418552,7.191
-73.937026,45.418533,7.091
-73.937506,45.418495,7.134
-73.937767,45.418475,7.051
-73.938601,45.418411,7.117
-73.939293,45.418358,7.085
-73.939769,45.418328,7.133
-73.939861,45.418323,7.152
-73.940169,45.418299,7.258
-73.940275,45.418313,7.275
-73.940265,45.418314,7.253
-73.940245,45.418316,7.227
-73.940218,45.418318,7.212
-73.940182,45.418321,7.2
-73.940132,45.418323,7.898
-73.940079,45.418326,7.881
-73.939956,45.418336,6.995
-73.93988,45.418346,6.392
-73.939812,45.418347,6.669
-73.939742,45.418352,7.016
-73.939665,45.418357,7.032
-73.93959,45.418362,7.056
-73.939517,45.418369,7.101
-73.939445,45.418373,7.03
-73.939371,45.418379,7.072
-73.939297,45.418383,7.02
-73.939224,45.418389,7.006
-73.939151,45.418394,6.981
-73.939078,45.4184,6.98
-73.939005,45.418405,6.943
-73.938932,45.41841,6.998
-73.938859,45.418415,7.018
-73.938785,45.418419,7.029
-73.938711,45.418424,7.031
-73.938636,45.41843,6.992
-73.938559,45.418436,7.045
-73.938481,45.418442,7.021
-73.938404,45.418448,7.005
-73.938326,45.418454,7.074
-73.938247,45.418461,7.062
-73.938169,45.418465,7.102
-73.938091,45.418471,7.093
-73.938013,45.418476,7.057
-73.937935,45.418482,7.039
-73.937857,45.418487,7.008
-73.93778,45.418493,7.041
-73.937702,45.418499,7.065
-73.937624,45.418504,7.13
-73.937548,45.418511,7.04
-73.937473,45.418516,7.124
-73.937398,45.41852,7.101
-73.937324,45.418523,7.029
-73.937248,45.418529,7.012
-73.937172,45.418533,7.093
-73.937093,45.418539,7.141
-73.937013,45.418545,8.026
-73.936936,45.418549,7.958
-73.936863,45.418553,7.978
-73.936792,45.418558,8.082
-73.93672,45.418561,8.171
-73.936655,45.418564,7.212
-73.936589,45.418568,7.221
-73.936527,45.418571,7.228
-73.936469,45.418575,7.31
-73.936415,45.418577,7.474
-73.936364,45.418581,7.592
-73.936315,45.418585,8.615
-73.936273,45.418587,8.729
-73.936241,45.418582,7.897
-73.936213,45.418571,8.004
-73.936193,45.418556,8.002
-73.93618,45.418541,7.857
-73.936171,45.418525,7.738
-73.936171,45.418509,7.697
-73.93618,45.418495,7.78
-73.936195,45.418482,7.881
-73.936215,45.41847,7.924
-73.936241,45.418463,7.878
-73.936272,45.418462,8.749
-73.936313,45.418462,8.646
-73.936362,45.418465,8.54
-73.936414,45.418463,8.485
-73.936474,45.41846,7.31
-73.936534,45.418455,7.606
-73.936596,45.418449,7.587
-73.936661,45.418443,7.604
-73.936729,45.418439,7.536
-73.936799,45.418435,7.418
-73.93687,45.418432,7.31
-73.936942,45.418427,7.253
-73.937012,45.418422,7.233
-73.937084,45.418417,7.23
-73.937156,45.418411,7.235
-73.937229,45.418405,7.231
-73.9373,45.4184,7.217
-73.937371,45.418395,7.236
-73.937444,45.418389,7.241
-73.937519,45.418385,7.233
-73.937594,45.41838,7.233
-73.937667,45.418375,7.238
-73.937739,45.41837,7.188
-73.93781,45.418364,7.153
-73.93788,45.418359,7.189
-73.937947,45.418353,7.912
-73.938016,45.418346,7.887
-73.938087,45.418339,7.857
-73.93816,45.418333,7.246
-73.938232,45.418329,7.276
-73.938304,45.418325,7.345
-73.938376,45.41832,7.3
-73.938447,45.418314,7.256
-73.938519,45.418309,7.299
-73.938593,45.418303,7.292
-73.938668,45.418298,7.28
-73.938745,45.418292,7.268
-73.938821,45.418287,7.272
-73.938898,45.418281,7.249
-73.938973,45.418276,7.251
-73.939047,45.418271,7.279
-73.939121,45.418265,7.344
-73.939196,45.41826,7.296
-73.939271,45.418253,7.228
-73.939346,45.418247,7.198
-73.939421,45.418242,7.215
-73.939494,45.418237,7.194
-73.939568,45.418232,7.198
-73.93964,45.418227,7.223
-73.939712,45.418221,7.225
-73.939783,45.418217,7.255
-73.939851,45.418211,7.266
-73.939917,45.418206,7.334
-73.939982,45.418201,7.346
-73.940045,45.418198,7.352
-73.940102,45.418195,7.442
-73.940156,45.418193,7.508
-73.940207,45.41819,7.574
-73.940251,45.41818,7.642
-73.940286,45.418163,7.655
-73.940308,45.41814,8.293
-73.940316,45.418114,8.33
-73.940306,45.41809,8.362
-73.940283,45.418072,8.347
-73.940251,45.41806,7.678
-73.940206,45.418057,7.607
-73.940157,45.418058,7.588
-73.940103,45.418062,7.524
-73.940046,45.418067,7.464
-73.939983,45.418073,7.411
-73.939917,45.418079,7.327
-73.939848,45.418083,7.277
-73.939778,45.418087,7.228
-73.939706,45.418093,7.265
-73.939633,45.418098,7.226
-73.939561,45.418102,7.212
-73.939487,45.418107,7.183
-73.939414,45.418111,7.179
-73.93934,45.418116,7.176
-73.939267,45.418121,7.155
-73.939194,45.418127,7.164
-73.939123,45.418134,7.216
-73.939054,45.418139,7.227
-73.938983,45.418143,7.242
-73.938913,45.418148,7.296
-73.938844,45.418153,7.319
-73.938773,45.418158,7.342
-73.938701,45.418162,7.25
-73.938629,45.418168,7.207
-73.938557,45.418173,7.197
-73.938485,45.418179,7.152
-73.938411,45.418183,7.174
-73.93834,45.418187,7.143
-73.938267,45.418192,7.13
-73.938195,45.418197,7.065
-73.938122,45.418202,7.121
-73.938051,45.418207,7.128
-73.937981,45.418212,7.134
-73.937911,45.418217,7.179
-73.937841,45.418222,7.209
-73.93777,45.418227,7.229
-73.937698,45.418232,7.234
-73.937626,45.418236,7.234
-73.937552,45.418243,7.23
-73.937478,45.418247,7.222
-73.937404,45.418252,7.295
-73.937331,45.418257,7.293
-73.937257,45.418262,7.296
-73.937183,45.418266,7.28
-73.937109,45.418272,7.307
-73.937036,45.418277,7.351
-73.936962,45.418282,7.354
-73.936887,45.418286,7.61
-73.936815,45.418291,7.576
-73.936743,45.418296,7.8
-73.936673,45.418299,7.781
-73.936602,45.418303,7.765
-73.936533,45.418308,7.732
-73.936469,45.418312,7.712
-73.93641,45.418316,7.707
-73.936354,45.41832,7.775
-73.936301,45.418324,7.823
-73.936254,45.418326,7.887
-73.936214,45.418328,8.045
-73.93618,45.418325,8.045
-73.936162,45.418316,7.749
-73.936148,45.418302,7.558
-73.936141,45.41829,7.712
-73.936142,45.418283,7.719
-73.936145,45.418274,7.399
-73.936149,45.418265,7.453
-73.936157,45.418253,7.558
-73.936171,45.418243,7.735
-73.936191,45.418234,7.81
-73.936214,45.418227,7.775
-73.936241,45.418222,7.693
-73.936273,45.418217,7.607
-73.936312,45.418212,7.55
-73.936356,45.418206,7.427
-73.936451,45.418195,7.835
-73.936504,45.418191,7.776
-73.936562,45.418187,7.257
-73.93662,45.418181,7.25
-73.936682,45.418175,7.239
-73.936747,45.41817,7.233
-73.936814,45.418163,7.209
-73.936885,45.418157,7.246
-73.936958,45.418151,7.295
-73.937032,45.418145,7.339
-73.937107,45.418138,7.31
-73.937182,45.418132,7.329
-73.937257,45.418127,7.345
-73.937332,45.418123,7.339
-73.937405,45.418119,7.318
-73.937476,45.418117,7.31
-73.937547,45.418115,7.293
-73.937615,45.418112,7.222
-73.937684,45.418106,7.172
-73.937753,45.4181,7.138
-73.937821,45.418095,7.117
-73.937889,45.418089,7.108
-73.937958,45.418085,7.122
-73.938027,45.41808,7.134
-73.938093,45.418075,7.567
-73.938161,45.418069,7.521
-73.938229,45.418064,7.471
-73.938297,45.418058,7.455
-73.938367,45.418052,7.107
-73.938435,45.418045,7.1
-73.938502,45.418038,7.098
-73.938569,45.418032,7.128
-73.938635,45.418025,7.141
-73.938701,45.418018,7.126
-73.938767,45.418013,7.171
-73.938832,45.418008,7.193
-73.938897,45.418003,7.172
-73.938962,45.417998,7.156
-73.939027,45.417993,7.172
-73.939092,45.417988,7.177
-73.939158,45.417983,7.188
-73.939223,45.41798,7.186
-73.939289,45.417977,7.151
-73.939355,45.417972,7.121
-73.939424,45.417967,7.131
-73.939494,45.417963,7.199
-73.939565,45.41796,7.166
-73.939638,45.417957,7.221
-73.939709,45.417952,7.309
-73.93978,45.417946,7.378
-73.939849,45.417943,7.424
-73.939917,45.41794,7.466
-73.939982,45.417938,7.543
-73.940043,45.417936,7.627
-73.940099,45.417935,7.665
-73.940152,45.417934,7.681
-73.9402,45.417932,7.688
-73.940245,45.417928,7.726
-73.940277,45.417911,7.76
-73.940289,45.417887,7.825
-73.940281,45.417862,7.865
-73.940259,45.41784,7.818
-73.940218,45.417826,8.054
-73.940171,45.417822,7.986
-73.940118,45.417824,8.115
-73.940061,45.417829,8.139
-73.94,45.417834,8.232
-73.939937,45.41784,8.283
-73.939871,45.417845,8.277
-73.939804,45.41785,8.246
-73.939736,45.417855,8.188
-73.939667,45.417861,8.186
-73.939599,45.417866,7.433
-73.939531,45.417871,7.336
-73.939461,45.417876,7.293
-73.939391,45.41788,7.274
-73.93932,45.417884,7.162
-73.939248,45.417889,7.202
-73.939176,45.417893,7.185
-73.939104,45.417898,7.171
-73.939032,45.417904,7.167
-73.938961,45.417909,7.145
-73.938889,45.417914,7.127
-73.938817,45.41792,7.139
-73.938744,45.417925,7.15
-73.938671,45.41793,7.131
-73.938599,45.417935,7.097
-73.938528,45.417939,7.094
-73.938457,45.417944,7.133
-73.938387,45.417947,7.165
-73.938315,45.417952,7.095
-73.938243,45.417956,7.116
-73.938172,45.41796,7.142
-73.938101,45.417965,7.147
-73.938029,45.417969,7.152
-73.937955,45.417973,7.13
-73.937881,45.417978,7.136
-73.937807,45.417983,7.161
-73.937734,45.417988,7.229
-73.93766,45.417992,7.26
-73.937586,45.417997,7.282
-73.937511,45.418002,7.262
-73.937435,45.418008,7.253
-73.937357,45.418013,7.215
-73.937279,45.418018,7.239
-73.937201,45.418022,7.312
-73.937123,45.418027,7.304
-73.937045,45.418033,7.289
-73.936968,45.418038,7.288
-73.93689,45.418044,7.307
-73.936812,45.418048,7.292
-73.936734,45.418053,7.26
-73.936658,45.418057,7.298
-73.936582,45.418061,7.363
-73.936509,45.418065,7.365
-73.936441,45.418069,7.378
-73.93638,45.418073,7.402
-73.936324,45.418077,7.517
-73.936276,45.418081,7.554
-73.936233,45.418083,8.071
-73.936197,45.418081,8.161
-73.936172,45.418081,6.181
-73.936152,45.418063,7.655
-73.936143,45.418051,7.176
-73.936142,45.418035,7.511
-73.936145,45.418019,7.523
-73.936171,45.417993,8.097
-73.936192,45.417983,8.101
-73.936221,45.417973,8.188
-73.936255,45.417965,8.219
-73.936298,45.41796,8.304
-73.936348,45.417955,8.356
-73.936405,45.417949,7.355
-73.936464,45.417945,7.302
-73.936526,45.41794,7.327
-73.93659,45.417935,7.261
-73.936654,45.417929,7.317
-73.936721,45.417924,7.293
-73.936788,45.41792,7.309
-73.936858,45.417915,7.287
-73.936928,45.41791,7.305
-73.936998,45.417904,7.341
-73.937067,45.417898,7.367
-73.937136,45.417892,7.316
-73.937206,45.417886,7.317
-73.937275,45.41788,7.307
-73.937346,45.417874,7.293
-73.937416,45.417869,7.263
-73.937486,45.417864,7.257
-73.937556,45.417859,7.279
-73.937624,45.417853,7.259
-73.937692,45.417848,7.261
-73.93776,45.417843,7.28
-73.937828,45.417838,7.309
-73.937897,45.417832,7.333
-73.937967,45.417826,7.338
-73.938036,45.417821,7.25
-73.938105,45.417817,7.231
-73.938174,45.417812,7.245
-73.938244,45.417807,7.213
-73.938312,45.417802,7.13
-73.93838,45.417798,7.115
-73.938447,45.417793,7.109
-73.938514,45.417788,7.084
-73.938582,45.417784,7.09
-73.938649,45.417779,7.09
-73.938716,45.417772,7.066
-73.938783,45.417767,7.031
-73.938851,45.417761,7.1
-73.938917,45.417755,7.071
-73.938982,45.41775,7.09
-73.939046,45.417745,7.088
-73.93911,45.417741,7.103
-73.939175,45.417737,7.139
-73.939239,45.417732,7.111
-73.939303,45.417728,7.128
-73.939365,45.417724,7.219
-73.939426,45.41772,7.282
-73.939486,45.417717,7.36
-73.939546,45.417713,7.441
-73.939606,45.417711,7.477
-73.939668,45.417708,7.547
-73.93973,45.417706,7.609
-73.939791,45.417704,7.671
-73.939851,45.417703,7.699
-73.939908,45.417702,7.734
-73.939965,45.417702,7.758
-73.940021,45.417701,7.806
-73.940075,45.417701,7.876
-73.940124,45.417702,9.013
-73.940171,45.4177,9.083
-73.940209,45.417687,9.19
-73.940233,45.417663,9.321
-73.940234,45.417637,9.431
-73.94022,45.417612,9.26
-73.940189,45.41759,9.21
-73.940139,45.417581,9.416
-73.940081,45.417583,9.362
-73.940018,45.417587,9.186
-73.939955,45.417591,9.035
-73.93989,45.417595,8.918
-73.939825,45.4176,8.817
-73.939698,45.417607,7.668
-73.939629,45.417612,7.578
-73.939558,45.417616,7.586
-73.939487,45.41762,7.489
-73.939418,45.417625,7.381
-73.939349,45.41763,7.303
-73.939281,45.417636,7.224
-73.939215,45.417642,7.281
-73.93915,45.417647,7.233
-73.939086,45.417652,7.264
-73.939022,45.417657,7.294
-73.938957,45.417661,7.274
-73.938892,45.417664,7.288
-73.938825,45.417668,7.254
-73.938757,45.417671,7.51
-73.938689,45.417674,7.217
-73.938621,45.417678,7.282
-73.938552,45.417682,7.333
-73.938483,45.417685,7.316
-73.938417,45.417688,7.317
-73.93835,45.41769,7.336
-73.938284,45.417693,7.365
-73.938218,45.417696,7.352
-73.938152,45.417699,7.354
-73.938086,45.417703,7.367
-73.93802,45.417707,7.364
-73.937953,45.417712,7.359
-73.937886,45.417716,7.358
-73.937819,45.41772,7.419
-73.937752,45.417724,7.364
-73.937684,45.417728,7.352
-73.937615,45.417732,7.383
-73.937547,45.417735,7.384
-73.937479,45.417739,7.396
-73.937411,45.417744,7.413
-73.937342,45.417748,7.406
-73.937272,45.417751,7.44
-73.937202,45.417754,7.459
-73.937132,45.417757,7.471
-73.937063,45.41776,7.468
-73.936995,45.417764,7.491
-73.936928,45.417767,7.499
-73.936861,45.41777,7.449
-73.936795,45.417774,7.397
-73.936729,45.41778,7.378
-73.936664,45.417785,7.366
-73.9366,45.417789,7.362
-73.936538,45.417793,7.37
-73.93648,45.417796,7.353
-73.936425,45.4178,7.4
-73.936373,45.417803,7.453
-73.936324,45.417806,7.489
-73.936278,45.417808,7.551
-73.936237,45.417809,7.555
-73.936202,45.417804,7.446
-73.936171,45.417793,7.457
-73.93615,45.417776,7.422
-73.936138,45.417758,7.333
-73.936138,45.417739,7.343
-73.936146,45.417721,7.364
-73.936161,45.417704,7.392
-73.936185,45.41769,7.455
-73.936218,45.41768,7.497
-73.936256,45.417674,7.453
-73.936298,45.417669,7.407
-73.936343,45.417663,7.372
-73.936393,45.417658,7.382
-73.936446,45.417653,7.355
-73.936502,45.417648,7.326
-73.93656,45.417641,7.341
-73.936619,45.417635,7.335
-73.936681,45.41763,7.323
-73.936743,45.417625,7.342
-73.936805,45.417621,7.343
-73.936868,45.417616,7.343
-73.936932,45.41761,7.352
-73.936997,45.417605,7.385
-73.937064,45.4176,7.368
-73.937131,45.417594,7.373
-73.937199,45.417589,7.395
-73.937267,45.417585,7.384
-73.937335,45.417582,7.386
-73.937402,45.417577,7.368
-73.93747,45.417573,7.387
-73.937536,45.417569,7.409
-73.937602,45.417565,7.447
-73.937668,45.417561,7.452
-73.937735,45.417556,7.448
-73.937802,45.417551,7.417
-73.937872,45.417547,7.413
-73.937941,45.417542,7.404
-73.93801,45.417537,7.392
-73.93808,45.417531,7.383
-73.938152,45.417525,7.385
-73.938223,45.417518,7.405
-73.938296,45.417513,7.43
-73.938368,45.417508,7.428
-73.93844,45.417502,7.48
-73.938511,45.417496,7.49
-73.938582,45.41749,7.512
-73.938652,45.417484,7.486
-73.938723,45.417477,7.499
-73.938793,45.41747,7.464
-73.938865,45.417465,7.442
-73.938937,45.41746,7.435
-73.939008,45.417455,7.464
-73.939078,45.417449,7.463
-73.939146,45.417444,7.47
-73.939213,45.41744,7.497
-73.939277,45.417435,7.568
-73.939341,45.417432,7.645
-73.939404,45.41743,7.716
-73.939466,45.417429,7.788
-73.939527,45.417429,7.859
-73.939588,45.417429,7.921
-73.93965,45.417429,7.929
-73.939711,45.417429,7.965
-73.939773,45.417429,7.995
-73.939832,45.417428,8.097
-73.939889,45.417428,8.163
-73.939946,45.417429,8.155
-73.940002,45.417431,8.162
-73.940053,45.417432,8.214
-73.940101,45.417432,8.251
-73.940146,45.417426,8.319
-73.940181,45.41741,8.42
-73.940196,45.417386,8.863
-73.940194,45.417359,8.944
-73.940177,45.417331,8.961
-73.940143,45.417311,9.037
-73.940101,45.417299,8.758
-73.94005,45.417297,8.712
-73.939994,45.417301,8.589
-73.939933,45.417305,8.504
-73.939868,45.41731,8.451
-73.939801,45.417315,8.416
-73.939733,45.417321,8.311
-73.939664,45.417325,8.242
-73.939595,45.417329,8.234
-73.939525,45.417333,8.154
-73.939452,45.417337,8.005
-73.939377,45.417342,7.82
-73.939301,45.417347,7.749
-73.939226,45.417351,7.692
-73.939153,45.417356,7.675
-73.939081,45.41736,7.615
-73.939009,45.417365,7.657
-73.938938,45.417372,7.609
-73.938867,45.417378,7.589
-73.938797,45.417382,7.617
-73.938728,45.417387,7.673
-73.938589,45.417396,8.075
-73.938522,45.4174,8.026
-73.938393,45.417407,7.589
-73.938328,45.417411,7.529
-73.938262,45.417415,7.539
-73.938196,45.41742,7.521
-73.93813,45.417425,7.434
-73.938062,45.417427,7.541
-73.937996,45.417431,7.585
-73.937931,45.417434,7.623
-73.937865,45.417437,7.632
-73.937798,45.417442,7.672
-73.93773,45.417447,8.1
-73.937663,45.417451,8.157
-73.937593,45.417461,9.168
-73.937522,45.417464,9.778
-73.93746,45.417458,7.563
-73.937393,45.417462,7.47
-73.937327,45.417465,7.502
-73.937261,45.41747,7.355
-73.937194,45.417474,7.369
-73.937128,45.417478,7.395
-73.93706,45.417481,7.405
-73.936993,45.417484,7.403
-73.936924,45.417487,7.419
-73.936855,45.417492,7.416
-73.936787,45.417496,7.444
-73.93672,45.417499,7.452
-73.936589,45.417508,7.974
-73.936459,45.417514,7.949
-73.936397,45.417516,7.955
-73.936341,45.417519,7.98
-73.93629,45.417521,7.969
-73.936247,45.417516,7.302
-73.93621,45.417523,7.456
-73.936178,45.417518,7.401
-73.936155,45.417505,7.369
-73.93614,45.41749,7.276
-73.936132,45.417471,7.205
-73.936137,45.417451,7.244
-73.936153,45.417433,7.267
-73.936179,45.417417,7.286
-73.936217,45.417406,7.285
-73.936262,45.417401,7.211
-73.936314,45.417397,7.162
-73.936371,45.417392,7.214
-73.936432,45.417386,7.288
-73.936496,45.417379,7.332
-73.936564,45.417371,7.309
-73.936635,45.417364,7.335
-73.936707,45.417357,7.364
-73.936779,45.41735,7.376
-73.936851,45.417345,7.452
-73.936923,45.417339,7.489
-73.936996,45.417333,7.488
-73.937069,45.417327,7.508
-73.937142,45.417322,7.555
-73.937215,45.417316,7.583
-73.937287,45.417311,7.664
-73.93736,45.417306,7.754
-73.937432,45.417301,7.873
-73.937504,45.417297,7.951
-73.937576,45.417293,8.082
-73.937649,45.41729,8.125
-73.937721,45.417286,8.25
-73.937795,45.41728,8.252
-73.937868,45.417273,8.245
-73.937943,45.417267,8.237
-73.938017,45.417261,8.231
-73.938091,45.417255,8.254
-73.938167,45.41725,8.211
-73.938242,45.417245,8.313
-73.938318,45.41724,8.277
-73.938394,45.417235,8.271
-73.93847,45.417227,8.323
-73.938546,45.417219,8.341
-73.938621,45.417212,8.344
-73.938697,45.417205,8.343
-73.938773,45.417199,8.308
-73.938849,45.417193,8.311
-73.938925,45.417187,8.3
-73.939001,45.417182,8.333
-73.939077,45.417177,8.382
-73.939152,45.417171,8.481
-73.939226,45.417166,8.55
-73.939298,45.417161,8.63
-73.939368,45.417155,8.759
-73.939435,45.41715,8.915
-73.9395,45.417146,9.045
-73.939564,45.41714,9.055
-73.939626,45.417133,9.063
-73.939689,45.417127,9.026
-73.939752,45.417124,9.014
-73.939815,45.417121,9.112
-73.939875,45.417118,9.159
-73.939934,45.417115,9.123
-73.939987,45.417111,9.118
-73.940035,45.417109,9.043
-73.940078,45.4171,9.084
-73.940109,45.417081,9.633
-73.94012,45.417053,9.54
-73.940112,45.417023,9.36
-73.940084,45.417001,9.492
-73.940042,45.416989,9.678
-73.939993,45.416985,9.57
-73.939942,45.416984,9.534
-73.939887,45.416984,9.534
-73.939825,45.416989,9.598
-73.939762,45.416992,9.611
-73.939693,45.416999,9.606
-73.939626,45.417007,9.193
-73.939552,45.417013,9.143
-73.939478,45.417017,9.106
-73.939404,45.417021,9.128
-73.939329,45.417025,9.115
-73.939254,45.417029,9.112
-73.939179,45.417031,9.073
-73.939104,45.417035,9.063
-73.939028,45.417041,9
-73.938953,45.417047,8.947
-73.938879,45.417053,8.954
-73.938804,45.417058,8.897
-73.93873,45.417064,8.928
-73.938655,45.417069,8.886
-73.938581,45.417074,8.81
-73.938507,45.41708,8.762
-73.938434,45.417085,8.711
-73.938362,45.41709,8.674
-73.938291,45.417094,8.696
-73.938221,45.417098,8.586
-73.938152,45.417102,8.482
-73.938084,45.417105,8.471
-73.938016,45.417108,8.375
-73.937947,45.417112,8.311
-73.937877,45.417116,8.19
-73.937807,45.417121,8.076
-73.937736,45.417126,8.014
-73.937662,45.41713,8.541
-73.937591,45.417135,8.468
-73.93752,45.417139,8.363
-73.937447,45.417144,8.337
-73.937374,45.417148,8.348
-73.937305,45.417152,7.401
-73.937232,45.417157,7.332
-73.93716,45.417162,7.352
-73.937087,45.417167,7.281
-73.937013,45.417173,7.238
-73.93694,45.417179,7.21
-73.936867,45.417185,7.245
-73.936795,45.417191,7.251
-73.936723,45.417196,7.226
-73.936652,45.417201,7.199
-73.93658,45.417208,7.099
-73.936511,45.417217,7.09
-73.936442,45.417224,6.996
-73.936373,45.417231,6.976
-73.936304,45.417238,7.008
-73.936237,45.417244,7.054
-73.936173,45.417245,7.084
-73.936114,45.417239,7.201
-73.936054,45.417234,8.15
-73.936002,45.417245,8.35
-73.935952,45.417261,8.167
-73.935903,45.417282,7.828
